"event_ts","transaction_id","amount","event_time","hour","device_risk","location_risk","txn_velocity","edge_fraud_probability","status","is_blocked","rolling_total_spend_24h","rolling_txn_count_24h","rolling_avg_amount_24h","rolling_blocked_count_24h","rolling_txn_count_10m","user_id","cloud_rule_risk","city","latitude","longitude","cluster","risk_score"
"2026-04-09 18:19:05.280000+00:00","txn_1775758745858_ed4393d2",2000,"2026-04-09T18:19:05.280Z",14,0.2,0.2,1,0.183921727419504,"approved",0,2000,1,2000,0,1,"cmnrkbb4r0000wcikwxcs2pfx",0,"Mumbai",19.076,72.8777,1,19.3941920207751
"2026-04-09 20:52:00.588000+00:00","txn_1775767921062_058a01aa",809,"2026-04-09T20:52:00.588Z",2,0.12,0.08,4.5,0.390593060949714,"approved",0,2809,2,1404.5,0,1,"cmnrkbb4r0000wcikwxcs2pfx",0,"Chennai",13.0827,80.2707,1,7.45036409029745
"2026-04-11 18:11:31.534000+00:00","demo_1775931091534_19e7",252.01,"2026-04-11T18:11:31.534Z",23,0.1,0.1,1,0.0288002454312239,"approved",0,252.01,1,252.01,0,1,"cmnvwnucr004cwcfg90ndenvj",0,"Mumbai",19.076,72.8777,1,3.87994611150256
"2026-04-11 18:33:14.566000+00:00","demo_1775932394566_364a",2065.85,"2026-04-11T18:33:14.566Z",0,0.85,0.6,1,0.766438870048333,"approved",0,2065.85,1,2065.85,0,1,"cmnvwntpn0046wcfg1jb1kexr",0,"Mumbai",19.076,72.8777,3,45.4575876951727
"2026-04-11 18:42:54.761000+00:00","demo_1775932974761_aad9",441.67,"2026-04-11T18:42:54.761Z",0,0.1,0.1,1,0.0837419769237325,"approved",0,693.68,2,346.84,0,1,"cmnvwnucr004cwcfg90ndenvj",0,"Delhi",28.6139,77.209,1,5.05483906403613
"2026-04-11 18:47:42.221000+00:00","demo_1775933262221_ce08",4414.8,"2026-04-11T18:47:42.221Z",0,0.85,0.6,1,0.902085953952345,"blocked",1,6480.65,2,3240.325,1,1,"cmnvwntpn0046wcfg1jb1kexr",1,"Hyderabad",17.385,78.4867,3,64.9328149766594
"2026-04-11 18:55:36.934000+00:00","demo_1775933736934_5439",2577.4,"2026-04-11T18:55:36.934Z",0,0.85,0.6,1,0.78998311963966,"approved",0,9058.05,3,3019.35,1,2,"cmnvwntpn0046wcfg1jb1kexr",0,"Delhi",28.6139,77.209,3,49.0436602289076
"2026-04-11 18:58:00.469000+00:00","demo_1775933880469_bcc3",4020.27,"2026-04-11T18:58:00.469Z",0,0.85,0.6,1,0.860572319670828,"blocked",1,13078.32,4,3269.58,2,2,"cmnvwntpn0046wcfg1jb1kexr",1,"Delhi",28.6139,77.209,3,63.029329614862
"2026-04-11 19:01:21.087000+00:00","demo_1775934081087_816e",2302.02,"2026-04-11T19:01:21.087Z",0,0.85,0.6,1,0.926664976691744,"blocked",1,15380.34,5,3076.068,3,3,"cmnvwntpn0046wcfg1jb1kexr",1,"Mumbai",19.076,72.8777,3,52.8385206134873
"2026-04-11 19:11:20.980000+00:00","demo_1775934680980_9f8b",1796.82,"2026-04-11T19:11:20.980Z",0,0.85,0.6,1,0.78075929807238,"approved",0,17177.16,6,2862.86,3,2,"cmnvwntpn0046wcfg1jb1kexr",0,"Hyderabad",17.385,78.4867,3,44.922758277747
"2026-04-11 19:23:00.467000+00:00","demo_1775935380467_d348",4295.93,"2026-04-11T19:23:00.467Z",0,0.85,0.6,1,0.778761813873035,"approved",0,21473.09,7,3067.58428571429,3,1,"cmnvwntpn0046wcfg1jb1kexr",0,"Mumbai",19.076,72.8777,3,60.2944918320793
"2026-04-11 19:31:42.868000+00:00","demo_1775935902868_7e2a",1951.81,"2026-04-11T19:31:42.868Z",1,0.1,0.9,1,0.802955698748265,"blocked",1,2645.49,3,881.83,1,1,"cmnvwnucr004cwcfg90ndenvj",1,"Chennai",13.0827,80.2707,3,38.1207447956668
"2026-04-11 19:34:46.769000+00:00","demo_1775936086769_e96a",4330.89,"2026-04-11T19:34:46.769Z",1,0.85,0.9,1,0.872406620552177,"blocked",1,25803.98,8,3225.4975,4,1,"cmnvwntpn0046wcfg1jb1kexr",1,"Hyderabad",17.385,78.4867,3,72.8754721044499
"2026-04-11 19:36:12.087000+00:00","demo_1775936172087_f2e7",4933.65,"2026-04-11T19:36:12.087Z",1,0.85,0.9,1,0.793615236540633,"approved",0,30737.63,9,3415.29222222222,4,2,"cmnvwntpn0046wcfg1jb1kexr",0,"Delhi",28.6139,77.209,3,71.8632570017327
"2026-04-11 19:40:49.230000+00:00","demo_1775936449230_e0dd",4012.74,"2026-04-11T19:40:49.230Z",1,0.85,0.9,1,0.914187591037386,"blocked",1,34750.37,10,3475.037,5,3,"cmnvwntpn0046wcfg1jb1kexr",1,"Delhi",28.6139,77.209,3,71.6012508550612
"2026-04-11 20:00:09.744000+00:00","demo_1775937609744_7d43",3674.74,"2026-04-11T20:00:09.744Z",1,0.85,0.9,1,0.829575770168563,"blocked",1,38425.11,11,3493.19181818182,6,1,"cmnvwntpn0046wcfg1jb1kexr",1,"Bengaluru",12.9716,77.5946,3,69.8282928276143
"2026-04-11 20:01:02.853000+00:00","demo_1775937662853_3e46",2468.77,"2026-04-11T20:01:02.853Z",1,0.1,0.9,1,0.751228781870348,"approved",0,5114.26,4,1278.565,1,1,"cmnvwnucr004cwcfg90ndenvj",0,"Mumbai",19.076,72.8777,3,36.4141354103146
"2026-04-11 20:04:58.109000+00:00","demo_1775937898109_226b",3588.01,"2026-04-11T20:04:58.109Z",1,0.85,0.9,1,0.797659231914422,"approved",0,42013.12,12,3501.09333333333,6,2,"cmnvwntpn0046wcfg1jb1kexr",0,"Mumbai",19.076,72.8777,3,64.5635693310303
"2026-04-11 20:07:57.421000+00:00","demo_1775938077421_d117",1897.28,"2026-04-11T20:07:57.421Z",1,0.85,0.9,1,0.9016031379335,"blocked",1,43910.4,13,3377.72307692308,7,3,"cmnvwntpn0046wcfg1jb1kexr",1,"Bengaluru",12.9716,77.5946,3,59.5095250163763
"2026-04-11 20:18:05.570000+00:00","demo_1775938685570_9445",4419.43,"2026-04-11T20:18:05.570Z",1,0.05,0.9,1,0.924532619100124,"blocked",1,4419.43,1,4419.43,1,1,"cmnvwntpo0048wcfg8n5uuuyz",1,"Hyderabad",17.385,78.4867,3,51.8713180564474
"2026-04-11 20:20:01.534000+00:00","demo_1775938801534_db5c",3464.29,"2026-04-11T20:20:01.534Z",1,0.1,0.9,1,0.802989308901973,"blocked",1,8578.55,5,1715.71,2,1,"cmnvwnucr004cwcfg90ndenvj",1,"Chennai",13.0827,80.2707,3,47.663525044076
"2026-04-11 20:22:55.708000+00:00","demo_1775938975708_badc",2532.06,"2026-04-11T20:22:55.708Z",1,0.1,0.9,1,0.847235981780154,"blocked",1,11110.61,6,1851.76833333333,3,2,"cmnvwnucr004cwcfg90ndenvj",1,"Chennai",13.0827,80.2707,3,42.2268113948696
"2026-04-11 20:47:38.040000+00:00","demo_1775940458040_d82e",2030.89,"2026-04-11T20:47:38.040Z",2,0.85,0.9,1,0.901852539607251,"blocked",1,45941.29,14,3281.52071428571,8,1,"cmnvwntpn0046wcfg1jb1kexr",1,"Chennai",13.0827,80.2707,3,60.4608738109416
"2026-04-11 20:47:45.088000+00:00","demo_1775940465088_f2db",3699.03,"2026-04-11T20:47:45.088Z",2,0.05,0.9,1,0.826526203735842,"blocked",1,8118.46,2,4059.23,2,1,"cmnvwntpo0048wcfg8n5uuuyz",1,"Hyderabad",17.385,78.4867,3,47.7952797368481
"2026-04-11 20:49:49.870000+00:00","demo_1775940589870_95ff",1274.84,"2026-04-11T20:49:49.870Z",2,0.85,0.9,1,0.800114888177679,"blocked",1,47216.13,15,3147.742,9,2,"cmnvwntpn0046wcfg1jb1kexr",1,"Delhi",28.6139,77.209,3,55.9956347708007
"2026-04-11 20:51:44.841000+00:00","demo_1775940704841_a784",1497.17,"2026-04-11T20:51:44.841Z",2,0.1,0.9,1,0.897485707266938,"blocked",1,12607.78,7,1801.11142857143,4,1,"cmnvwnucr004cwcfg90ndenvj",1,"Hyderabad",17.385,78.4867,3,36.0969173461266
"2026-04-11 20:53:54.730000+00:00","demo_1775940834730_1a11",4502.48,"2026-04-11T20:53:54.730Z",2,0.85,0.9,1,0.927918040808636,"blocked",1,51718.61,16,3232.413125,10,3,"cmnvwntpn0046wcfg1jb1kexr",1,"Bengaluru",12.9716,77.5946,3,75.7732668612468
"2026-04-11 21:05:01.843000+00:00","demo_1775941501843_7cb2",3977.7,"2026-04-11T21:05:01.843Z",2,0.05,0.9,1,0.823985031865093,"blocked",1,12096.16,3,4032.05333333333,3,1,"cmnvwntpo0048wcfg8n5uuuyz",1,"Delhi",28.6139,77.209,3,49.7609431662746
"2026-04-11 21:08:48.283000+00:00","demo_1775941728283_5941",4910.9,"2026-04-11T21:08:48.283Z",2,0.1,0.9,1,0.875819331935225,"blocked",1,17518.68,8,2189.835,5,1,"cmnvwnucr004cwcfg90ndenvj",1,"Mumbai",19.076,72.8777,3,57.0255339666902
"2026-04-11 21:09:27.183000+00:00","demo_1775941767183_00a4",1824.1,"2026-04-11T21:09:27.183Z",2,0.1,0.9,1,0.909761740578967,"blocked",1,19342.78,9,2149.19777777778,6,2,"cmnvwnucr004cwcfg90ndenvj",1,"Delhi",28.6139,77.209,3,38.5517399833627
"2026-04-11 21:11:46.863000+00:00","demo_1775941906863_a20e",3315.56,"2026-04-11T21:11:46.863Z",2,0.1,0.9,1,0.881652217338952,"blocked",1,22658.34,10,2265.834,7,3,"cmnvwnucr004cwcfg90ndenvj",1,"Bengaluru",12.9716,77.5946,3,47.7795971009879
"2026-04-11 21:18:02.713000+00:00","demo_1775942282713_03a1",4576.04,"2026-04-11T21:18:02.713Z",2,0.1,0.9,1,0.912703978671085,"blocked",1,27234.38,11,2475.85272727273,8,4,"cmnvwnucr004cwcfg90ndenvj",1,"Delhi",28.6139,77.209,3,55.7059197918623
"2026-04-11 21:20:07.057000+00:00","demo_1775942407057_9402",1452.77,"2026-04-11T21:20:07.057Z",2,0.85,0.9,1,0.848911672445606,"blocked",1,53171.38,17,3127.72823529412,11,1,"cmnvwntpn0046wcfg1jb1kexr",1,"Hyderabad",17.385,78.4867,3,57.4963210971402
"2026-04-11 21:20:34.417000+00:00","demo_1775942434417_71fa",1620.16,"2026-04-11T21:20:34.417Z",2,0.85,0.9,1,0.757184776832193,"approved",0,54791.54,18,3043.97444444444,11,2,"cmnvwntpn0046wcfg1jb1kexr",0,"Hyderabad",17.385,78.4867,3,53.6217345184927
"2026-04-11 21:22:46.835000+00:00","demo_1775942566835_aafb",3123.34,"2026-04-11T21:22:46.835Z",2,0.05,0.9,1,0.926409558070306,"blocked",1,15219.5,4,3804.875,4,1,"cmnvwntpo0048wcfg8n5uuuyz",1,"Delhi",28.6139,77.209,3,44.836093023796
"2026-04-11 21:26:48.554000+00:00","demo_1775942808554_f4fa",2216.72,"2026-04-11T21:26:48.554Z",2,0.85,0.9,1,0.777656421637178,"approved",0,57008.26,19,3000.43473684211,11,3,"cmnvwntpn0046wcfg1jb1kexr",0,"Chennai",13.0827,80.2707,3,57.3767701652589
"2026-04-11 21:50:45.104000+00:00","demo_1775944245104_e1ed",3387.13,"2026-04-11T21:50:45.104Z",3,0.05,0.9,1,0.834342007531888,"blocked",1,18606.63,5,3721.326,5,1,"cmnvwntpo0048wcfg8n5uuuyz",1,"Hyderabad",17.385,78.4867,3,46.6696015749496
"2026-04-11 21:57:58.255000+00:00","demo_1775944678255_de93",2277.47,"2026-04-11T21:57:58.255Z",3,0.1,0.9,1,0.947019507116806,"blocked",1,29511.85,12,2459.32083333333,9,1,"cmnvwnucr004cwcfg90ndenvj",1,"Chennai",13.0827,80.2707,3,42.0156015550522
"2026-04-11 21:58:55.184000+00:00","demo_1775944735184_577a",4976.23,"2026-04-11T21:58:55.184Z",3,0.05,0.9,1,0.91064940778141,"blocked",1,23582.86,6,3930.47666666667,6,2,"cmnvwntpo0048wcfg8n5uuuyz",1,"Hyderabad",17.385,78.4867,3,56.605383375672
"2026-04-11 22:08:24.572000+00:00","demo_1775945304572_baf7",2745.12,"2026-04-11T22:08:24.572Z",3,0.05,0.9,1,0.815748478728251,"blocked",1,26327.98,7,3761.14,7,2,"cmnvwntpo0048wcfg8n5uuuyz",1,"Delhi",28.6139,77.209,3,43.355294297152
"2026-04-11 22:21:57.696000+00:00","demo_1775946117696_49b7",2714.43,"2026-04-11T22:21:57.696Z",3,0.85,0.9,1,0.778524580267919,"approved",0,59722.69,20,2986.1345,11,1,"cmnvwntpn0046wcfg1jb1kexr",0,"Delhi",28.6139,77.209,3,60.5718018143758
"2026-04-11 22:24:28.746000+00:00","demo_1775946268746_05cf",4706.84,"2026-04-11T22:24:28.746Z",3,0.05,0.9,1,0.923542143373377,"blocked",1,31034.82,8,3879.3525,8,1,"cmnvwntpo0048wcfg8n5uuuyz",1,"Bengaluru",12.9716,77.5946,3,55.5175840549551
"2026-04-11 22:28:04.304000+00:00","demo_1775946484304_4bae",2622.29,"2026-04-11T22:28:04.304Z",3,0.85,0.9,1,0.824292531531598,"blocked",1,62344.98,21,2968.80857142857,12,2,"cmnvwntpn0046wcfg1jb1kexr",1,"Mumbai",19.076,72.8777,3,65.2050238300313
"2026-04-11 22:29:37.038000+00:00","demo_1775946577038_edd6",3963.43,"2026-04-11T22:29:37.038Z",3,0.85,0.9,1,0.914645019552161,"blocked",1,66308.41,22,3014.01863636364,13,3,"cmnvwntpn0046wcfg1jb1kexr",1,"Chennai",13.0827,80.2707,3,73.5734518228727
"2026-04-11 22:49:21.852000+00:00","demo_1775947761852_413a",3885.96,"2026-04-11T22:49:21.852Z",4,0.85,0.9,1,0.8484069661827,"blocked",1,70194.37,23,3051.92913043478,14,1,"cmnvwntpn0046wcfg1jb1kexr",1,"Delhi",28.6139,77.209,3,73.3859670378124
"2026-04-11 23:11:37.172000+00:00","demo_1775949097172_b81b",4646.66,"2026-04-11T23:11:37.172Z",4,0.05,0.9,1,0.878694867396995,"blocked",1,35681.48,9,3964.60888888889,9,1,"cmnvwntpo0048wcfg8n5uuuyz",1,"Delhi",28.6139,77.209,3,55.4890142712688
"2026-04-11 23:11:54.406000+00:00","demo_1775949114406_f611",3105.09,"2026-04-11T23:11:54.406Z",4,0.1,0.9,1,0.91580144729582,"blocked",1,32616.94,13,2508.99538461538,10,1,"cmnvwnucr004cwcfg90ndenvj",1,"Delhi",28.6139,77.209,3,47.2271821664163
"2026-04-11 23:17:44.171000+00:00","demo_1775949464171_9c18",4901.18,"2026-04-11T23:17:44.171Z",4,0.85,0.9,1,0.872263449635822,"blocked",1,75095.55,24,3128.98125,15,1,"cmnvwntpn0046wcfg1jb1kexr",1,"Hyderabad",17.385,78.4867,3,79.8574236428831
"2026-04-11 23:31:27.924000+00:00","demo_1775950287924_703d",2036.88,"2026-04-11T23:31:27.924Z",5,0.85,0.6,1,0.932878904307552,"blocked",1,77132.43,25,3085.2972,16,1,"cmnvwntpn0046wcfg1jb1kexr",1,"Bengaluru",12.9716,77.5946,3,55.681174577829
"2026-04-11 23:36:00.816000+00:00","demo_1775950560816_fda7",1209.36,"2026-04-11T23:36:00.816Z",5,0.85,0.6,1,0.844477677908439,"blocked",1,78341.79,26,3013.14576923077,17,2,"cmnvwntpn0046wcfg1jb1kexr",1,"Chennai",13.0827,80.2707,3,50.7804579341076
"2026-04-11 23:36:09.725000+00:00","demo_1775950569725_85d0",1459.79,"2026-04-11T23:36:09.725Z",5,0.85,0.6,1,0.847231221900689,"blocked",1,79801.58,27,2955.61407407407,18,3,"cmnvwntpn0046wcfg1jb1kexr",1,"Delhi",28.6139,77.209,3,52.3948430903389
"2026-04-11 23:43:03.822000+00:00","demo_1775950983822_baad",467.59,"2026-04-11T23:43:03.822Z",5,0.05,0.05,1,0.0685296256400745,"approved",0,36149.07,10,3614.907,9,1,"cmnvwntpo0048wcfg8n5uuuyz",0,"Delhi",28.6139,77.209,1,5.33426746307925
"2026-04-11 23:47:04.291000+00:00","demo_1775951224291_2b80",113.74,"2026-04-11T23:47:04.291Z",5,0.05,0.05,1,0.035729535266466,"approved",0,36262.81,11,3296.61909090909,9,2,"cmnvwntpo0048wcfg8n5uuuyz",0,"Delhi",28.6139,77.209,1,3.20969819300987
"2026-04-11 23:51:51.811000+00:00","demo_1775951511811_7340",3064.65,"2026-04-11T23:51:51.811Z",5,0.85,0.6,1,0.92537035238885,"blocked",1,82866.23,28,2959.50821428571,19,1,"cmnvwntpn0046wcfg1jb1kexr",1,"Chennai",13.0827,80.2707,3,62.2881488565822
"2026-04-11 23:51:53.753000+00:00","demo_1775951513753_8af8",1694.12,"2026-04-11T23:51:53.753Z",5,0.85,0.6,1,0.889871272523723,"blocked",1,84560.35,29,2915.87413793103,20,2,"cmnvwntpn0046wcfg1jb1kexr",1,"Mumbai",19.076,72.8777,3,54.1494258837548
"2026-04-12 00:50:45.941000+00:00","demo_1775955045941_744f",4228.71,"2026-04-12T00:50:45.941Z",6,0.85,0.6,1,0.798933378091797,"approved",0,88789.06,30,2959.63533333333,20,1,"cmnvwntpn0046wcfg1jb1kexr",0,"Mumbai",19.076,72.8777,2,64.7301729513072
"2026-04-12 00:51:21.302000+00:00","demo_1775955081302_85f2",2410.89,"2026-04-12T00:51:21.302Z",6,0.85,0.6,1,0.899403504505552,"blocked",1,91199.95,31,2941.93387096774,21,2,"cmnvwntpn0046wcfg1jb1kexr",1,"Hyderabad",17.385,78.4867,2,58.9470580115162
"2026-04-12 00:54:39.216000+00:00","demo_1775955279216_7fe5",3430.26,"2026-04-12T00:54:39.216Z",6,0.85,0.6,1,0.874600353458227,"blocked",1,94630.21,32,2957.1940625,22,3,"cmnvwntpn0046wcfg1jb1kexr",1,"Chennai",13.0827,80.2707,2,65.3377508023522
"2026-04-12 01:02:51.084000+00:00","demo_1775955771084_4a30",2721.16,"2026-04-12T01:02:51.084Z",6,0.85,0.6,1,0.862315074442141,"blocked",1,97351.37,33,2950.04151515151,23,2,"cmnvwntpn0046wcfg1jb1kexr",1,"Delhi",28.6139,77.209,2,61.2594999002934
"2026-04-12 01:19:29.322000+00:00","demo_1775956769322_8575",302.63,"2026-04-12T01:19:29.322Z",6,0.05,0.05,1,0.0436161388824646,"approved",0,36565.44,12,3047.12,9,1,"cmnvwntpo0048wcfg8n5uuuyz",0,"Mumbai",19.076,72.8777,1,4.3699514886818
"2026-04-12 01:24:46.734000+00:00","demo_1775957086734_2c7a",466.46,"2026-04-12T01:24:46.734Z",6,0.05,0.05,1,0.0600233843639568,"approved",0,37031.9,13,2848.60769230769,9,2,"cmnvwntpo0048wcfg8n5uuuyz",0,"Chennai",13.0827,80.2707,1,5.39094282679526
"2026-04-12 01:29:12.976000+00:00","demo_1775957352976_d0f5",431.3,"2026-04-12T01:29:12.976Z",6,0.05,0.05,1,0.0248289179477892,"approved",0,37463.2,14,2675.94285714286,9,3,"cmnvwntpo0048wcfg8n5uuuyz",0,"Hyderabad",17.385,78.4867,1,5.21003980333813
"2026-04-12 01:49:00.204000+00:00","demo_1775958540204_90a3",4477.3,"2026-04-12T01:49:00.204Z",7,0.85,0.6,1,0.800544930463848,"blocked",1,101828.67,34,2994.96088235294,24,1,"cmnvwntpn0046wcfg1jb1kexr",1,"Hyderabad",17.385,78.4867,2,72.1661973269897
"2026-04-12 01:49:48.152000+00:00","demo_1775958588152_b905",243.27,"2026-04-12T01:49:48.152Z",7,0.05,0.05,1,0.052367516187271,"approved",0,37706.47,15,2513.76466666667,9,1,"cmnvwntpo0048wcfg8n5uuuyz",0,"Mumbai",19.076,72.8777,1,4.0942267832403
"2026-04-12 01:51:26.473000+00:00","demo_1775958686473_5ddc",152.42,"2026-04-12T01:51:26.473Z",7,0.05,0.05,1,0.0144182167943901,"approved",0,37858.89,16,2366.180625,9,2,"cmnvwntpo0048wcfg8n5uuuyz",0,"Bengaluru",12.9716,77.5946,1,3.55761038895485
"2026-04-12 01:57:50.834000+00:00","demo_1775959070834_9ae7",3380.4,"2026-04-12T01:57:50.834Z",7,0.85,0.6,1,0.826713533688615,"blocked",1,105209.07,35,3005.97342857143,25,2,"cmnvwntpn0046wcfg1jb1kexr",1,"Bengaluru",12.9716,77.5946,2,65.7979794888726
"2026-04-12 02:12:58.083000+00:00","demo_1775959978083_fbda",2293.83,"2026-04-12T02:12:58.083Z",7,0.85,0.6,1,0.792125443403532,"approved",0,107502.9,36,2986.19166666667,25,1,"cmnvwntpn0046wcfg1jb1kexr",0,"Chennai",13.0827,80.2707,2,54.4138857716467
"2026-04-12 02:13:42.616000+00:00","demo_1775960022616_7a0c",4099.25,"2026-04-12T02:13:42.616Z",7,0.85,0.6,1,0.766712489347069,"approved",0,111602.15,37,3016.27432432432,25,2,"cmnvwntpn0046wcfg1jb1kexr",0,"Chennai",13.0827,80.2707,2,65.5904205572139
"2026-04-12 02:13:54.062000+00:00","demo_1775960034062_3862",12.67,"2026-04-12T02:13:54.062Z",7,0.05,0.05,1,0.0810088566941835,"approved",0,37871.56,17,2227.73882352941,9,1,"cmnvwntpo0048wcfg8n5uuuyz",0,"Hyderabad",17.385,78.4867,1,2.71621090228572
"2026-04-12 02:21:58.570000+00:00","demo_1775960518570_1ae0",273.2,"2026-04-12T02:21:58.570Z",7,0.05,0.05,1,0.014001330555801,"approved",0,38144.76,18,2119.15333333333,9,2,"cmnvwntpo0048wcfg8n5uuuyz",0,"Chennai",13.0827,80.2707,1,4.30614125779483
"2026-04-12 02:23:06.422000+00:00","demo_1775960586422_a09a",19.85,"2026-04-12T02:23:06.422Z",7,0.1,0.1,1,0.0789417258444004,"approved",0,32636.79,14,2331.19928571429,10,1,"cmnvwnucr004cwcfg90ndenvj",0,"Hyderabad",17.385,78.4867,1,4.80951386807775
"2026-04-12 02:36:07.123000+00:00","demo_1775961367123_41a9",3728.22,"2026-04-12T02:36:07.123Z",8,0.85,0.6,1,0.83360475783399,"blocked",1,115330.37,38,3035.00973684211,26,1,"cmnvwntpn0046wcfg1jb1kexr",1,"Delhi",28.6139,77.209,2,68.6222277490608
"2026-04-12 02:38:02.862000+00:00","demo_1775961482862_a310",4907.74,"2026-04-12T02:38:02.862Z",8,0.85,0.6,1,0.844197510204761,"blocked",1,120238.11,39,3083.02846153846,27,2,"cmnvwntpn0046wcfg1jb1kexr",1,"Delhi",28.6139,77.209,2,76.0844361244721
"2026-04-12 02:43:23.245000+00:00","demo_1775961803245_855b",255.47,"2026-04-12T02:43:23.245Z",8,0.1,0.1,1,0.0248362743335642,"approved",0,32892.26,15,2192.81733333333,10,1,"cmnvwnucr004cwcfg90ndenvj",0,"Mumbai",19.076,72.8777,1,6.24802999184479
"2026-04-12 03:00:25.148000+00:00","demo_1775962825148_12a1",161.8,"2026-04-12T03:00:25.148Z",8,0.1,0.1,1,0.0573584782983426,"approved",0,33054.06,16,2065.87875,10,1,"cmnvwnucr004cwcfg90ndenvj",0,"Delhi",28.6139,77.209,1,5.69509123928535
"2026-04-12 03:05:58.874000+00:00","demo_1775963158874_0a6e",1551.03,"2026-04-12T03:05:58.874Z",8,0.85,0.6,1,0.785167569510909,"approved",0,121789.14,40,3044.7285,27,1,"cmnvwntpn0046wcfg1jb1kexr",0,"Chennai",13.0827,80.2707,2,50.9641853663973
"2026-04-12 03:10:26.661000+00:00","demo_1775963426661_a003",303.92,"2026-04-12T03:10:26.661Z",8,0.1,0.1,1,0.0876467472967199,"approved",0,33357.98,17,1962.23411764706,10,1,"cmnvwnucr004cwcfg90ndenvj",0,"Chennai",13.0827,80.2707,1,6.57354200727906
"2026-04-12 03:23:32.554000+00:00","demo_1775964212554_b3d6",28.14,"2026-04-12T03:23:32.554Z",8,0.05,0.05,1,0.0750230261220866,"approved",0,38172.9,19,2009.1,9,1,"cmnvwntpo0048wcfg8n5uuuyz",0,"Hyderabad",17.385,78.4867,1,2.83112272618235
"2026-04-12 03:32:38.369000+00:00","demo_1775964758369_d604",313.51,"2026-04-12T03:32:38.369Z",9,0.1,0.1,1,0.0709831416008933,"approved",0,33671.49,18,1870.63833333333,10,1,"cmnvwnucr004cwcfg90ndenvj",0,"Mumbai",19.076,72.8777,1,6.6538886695991
"2026-04-12 03:37:23.126000+00:00","demo_1775965043126_6cc1",111.67,"2026-04-12T03:37:23.126Z",9,0.05,0.05,1,0.0936100242183146,"approved",0,38284.57,20,1914.2285,9,1,"cmnvwntpo0048wcfg8n5uuuyz",0,"Hyderabad",17.385,78.4867,1,3.34261079486156
"2026-04-12 03:42:30.377000+00:00","demo_1775965350377_6fc8",254.25,"2026-04-12T03:42:30.377Z",9,0.1,0.1,1,0.0701318702903887,"approved",0,33925.74,19,1785.56526315789,10,2,"cmnvwnucr004cwcfg90ndenvj",0,"Delhi",28.6139,77.209,1,6.31499646219411
"2026-04-12 03:47:10.758000+00:00","demo_1775965630758_4e92",184.31,"2026-04-12T03:47:10.758Z",9,0.05,0.05,1,0.0164855244161753,"approved",0,38468.88,21,1831.85142857143,9,2,"cmnvwntpo0048wcfg8n5uuuyz",0,"Delhi",28.6139,77.209,1,3.79368561832611
"2026-04-12 04:14:42.410000+00:00","demo_1775967282410_04ba",306.65,"2026-04-12T04:14:42.410Z",9,0.05,0.05,1,0.0867523099131941,"approved",0,38775.53,22,1762.52409090909,9,1,"cmnvwntpo0048wcfg8n5uuuyz",0,"Bengaluru",12.9716,77.5946,1,4.55311335807225
"2026-04-12 04:17:43.102000+00:00","demo_1775967463102_8f17",4960.52,"2026-04-12T04:17:43.102Z",9,0.85,0.6,1,0.919910006597515,"blocked",1,126749.66,41,3091.45512195122,28,1,"cmnvwntpn0046wcfg1jb1kexr",1,"Chennai",13.0827,80.2707,2,76.8708146526993
"2026-04-12 04:24:39.477000+00:00","demo_1775967879477_bd85",2128.41,"2026-04-12T04:24:39.477Z",9,0.85,0.6,1,0.768317997750722,"approved",0,128878.07,42,3068.52547619048,28,2,"cmnvwntpn0046wcfg1jb1kexr",0,"Chennai",13.0827,80.2707,2,54.9539889695285
"2026-04-12 04:31:35.541000+00:00","demo_1775968295541_133d",2512.4,"2026-04-12T04:31:35.541Z",10,0.05,0.05,1,0.916016656307631,"blocked",1,41287.93,23,1795.12739130435,10,1,"cmnvwntpo0048wcfg8n5uuuyz",1,"Bengaluru",12.9716,77.5946,1,23.0284303391781
"2026-04-12 04:34:13.577000+00:00","demo_1775968453577_baff",481.7,"2026-04-12T04:34:13.577Z",10,0.1,0.1,1,0.045660719831946,"approved",0,34407.44,20,1720.372,10,1,"cmnvwnucr004cwcfg90ndenvj",0,"Hyderabad",17.385,78.4867,1,7.72053849028367
"2026-04-12 04:39:47.623000+00:00","demo_1775968787623_e05b",180.02,"2026-04-12T04:39:47.623Z",10,0.05,0.05,1,0.0842275346925102,"approved",0,41467.95,24,1727.83125,10,2,"cmnvwntpo0048wcfg8n5uuuyz",0,"Chennai",13.0827,80.2707,1,3.98349811945725
"2026-04-12 04:56:17.085000+00:00","demo_1775969777085_7392",495.11,"2026-04-12T04:56:17.085Z",10,0.05,0.05,1,0.0113919185007733,"approved",0,41963.06,25,1678.5224,10,1,"cmnvwntpo0048wcfg8n5uuuyz",0,"Mumbai",19.076,72.8777,1,5.91823420027329
"2026-04-12 05:19:19.379000+00:00","demo_1775971159379_facd",40.62,"2026-04-12T05:19:19.379Z",10,0.05,0.05,1,0.0692760245166637,"approved",0,42003.68,26,1615.52615384615,10,1,"cmnvwntpo0048wcfg8n5uuuyz",0,"Hyderabad",17.385,78.4867,1,3.18182252921674
"2026-04-12 05:31:27.827000+00:00","demo_1775971887827_6ef4",268.63,"2026-04-12T05:31:27.827Z",11,0.1,0.1,1,0.0402643833986006,"approved",0,34676.07,21,1651.24142857143,10,1,"cmnvwnucr004cwcfg90ndenvj",0,"Mumbai",19.076,72.8777,1,6.45562638688587
"2026-04-12 05:38:58.202000+00:00","demo_1775972338202_2715",4140.56,"2026-04-12T05:38:58.202Z",11,0.85,0.6,1,0.923696210035401,"blocked",1,133018.63,43,3093.45651162791,29,1,"cmnvwntpn0046wcfg1jb1kexr",1,"Mumbai",19.076,72.8777,2,72.3795114255441
"2026-04-12 05:46:47.183000+00:00","demo_1775972807183_328d",3078.39,"2026-04-12T05:46:47.183Z",11,0.85,0.6,1,0.90108428228657,"blocked",1,136097.02,44,3093.11409090909,30,2,"cmnvwntpn0046wcfg1jb1kexr",1,"Chennai",13.0827,80.2707,2,66.1989024037585
"2026-04-12 06:26:03.325000+00:00","demo_1775975163325_c6d9",268.99,"2026-04-12T06:26:03.325Z",11,0.05,0.05,1,0.0707334564120205,"approved",0,42272.67,27,1565.65444444444,10,1,"cmnvwntpo0048wcfg8n5uuuyz",0,"Bengaluru",12.9716,77.5946,1,4.57761321648774
"2026-04-12 06:27:20.406000+00:00","demo_1775975240406_2397",3123.56,"2026-04-12T06:27:20.406Z",11,0.85,0.6,1,0.808978326807224,"blocked",1,139220.58,45,3093.79066666667,31,1,"cmnvwntpn0046wcfg1jb1kexr",1,"Mumbai",19.076,72.8777,2,66.6957758880608
"2026-04-12 06:32:37.345000+00:00","demo_1775975557345_356f",2520,"2026-04-12T06:32:37.345Z",12,0.85,0.6,1,0.805829394179844,"blocked",1,141740.58,46,3081.31695652174,32,2,"cmnvwntpn0046wcfg1jb1kexr",1,"Delhi",28.6139,77.209,2,63.2391769410997
"2026-04-12 06:44:08.867000+00:00","demo_1775976248867_d578",1564.53,"2026-04-12T06:44:08.867Z",12,0.85,0.6,1,0.928409731623453,"blocked",1,143305.11,47,3049.04489361702,33,1,"cmnvwntpn0046wcfg1jb1kexr",1,"Chennai",13.0827,80.2707,2,57.5928124662129
"2026-04-12 06:50:17.078000+00:00","demo_1775976617078_6746",2730.14,"2026-04-12T06:50:17.078Z",12,0.85,0.6,1,0.94801672476613,"blocked",1,146035.25,48,3042.40104166667,34,2,"cmnvwntpn0046wcfg1jb1kexr",1,"Mumbai",19.076,72.8777,2,64.8145857228073
"2026-04-12 06:53:49.839000+00:00","demo_1775976829839_d599",4781.32,"2026-04-12T06:53:49.839Z",12,0.85,0.6,1,0.921535164716125,"blocked",1,150816.57,49,3077.88918367347,35,3,"cmnvwntpn0046wcfg1jb1kexr",1,"Chennai",13.0827,80.2707,2,77.521430833022
"2026-04-12 07:10:31.060000+00:00","demo_1775977831060_66d7",4980.5,"2026-04-12T07:10:31.060Z",12,0.85,0.6,1,0.784606670949032,"approved",0,155797.07,50,3115.9414,35,1,"cmnvwntpn0046wcfg1jb1kexr",0,"Chennai",13.0827,80.2707,2,74.0801002529199
"2026-04-12 07:11:29.762000+00:00","demo_1775977889762_1a30",3851.38,"2026-04-12T07:11:29.762Z",12,0.85,0.6,1,0.927932902175979,"blocked",1,159648.45,51,3130.36176470588,36,2,"cmnvwntpn0046wcfg1jb1kexr",1,"Mumbai",19.076,72.8777,2,72.5515530302503
"2026-04-12 07:25:18.517000+00:00","demo_1775978718517_56b7",4919.63,"2026-04-12T07:25:18.517Z",12,0.85,0.6,1,0.923075538644816,"blocked",1,164568.08,52,3164.77076923077,37,1,"cmnvwntpn0046wcfg1jb1kexr",1,"Delhi",28.6139,77.209,2,79.3439624018821
"2026-04-12 07:29:15.189000+00:00","demo_1775978955189_08a1",3741.35,"2026-04-12T07:29:15.189Z",12,0.85,0.6,1,0.868228580814953,"blocked",1,168309.43,53,3175.64962264151,38,2,"cmnvwntpn0046wcfg1jb1kexr",1,"Bengaluru",12.9716,77.5946,2,72.5112022254863
"2026-04-12 07:32:56.635000+00:00","demo_1775979176635_9997",2799.19,"2026-04-12T07:32:56.635Z",13,0.05,0.05,1,0.913567670659915,"blocked",1,45071.86,28,1609.70928571429,11,1,"cmnvwntpo0048wcfg8n5uuuyz",1,"Delhi",28.6139,77.209,1,25.0291007682901
"2026-04-12 07:33:28.738000+00:00","demo_1775979208738_97fb",3123.68,"2026-04-12T07:33:28.738Z",13,0.85,0.6,1,0.860978713392349,"blocked",1,171433.11,54,3174.68722222222,39,3,"cmnvwntpn0046wcfg1jb1kexr",1,"Delhi",28.6139,77.209,2,69.0129704439807
"2026-04-12 07:40:15.227000+00:00","demo_1775979615227_a52b",298.83,"2026-04-12T07:40:15.227Z",13,0.1,0.1,1,0.0566379322452467,"approved",0,34974.9,22,1589.76818181818,10,1,"cmnvwnucr004cwcfg90ndenvj",0,"Mumbai",19.076,72.8777,1,6.6591393595407
"2026-04-12 07:52:31.302000+00:00","demo_1775980351302_665c",2512.82,"2026-04-12T07:52:31.302Z",13,0.85,0.6,1,0.839579987320447,"blocked",1,173945.93,55,3162.65327272727,40,1,"cmnvwntpn0046wcfg1jb1kexr",1,"Bengaluru",12.9716,77.5946,2,65.5118561162967
"2026-04-12 07:57:39.307000+00:00","demo_1775980659307_a5e5",363.79,"2026-04-12T07:57:39.307Z",13,0.05,0.05,1,0.0592575231470133,"approved",0,45435.65,29,1566.74655172414,11,1,"cmnvwntpo0048wcfg8n5uuuyz",0,"Mumbai",19.076,72.8777,1,5.37645475546669
"2026-04-12 07:58:16.274000+00:00","demo_1775980696274_88fd",280.14,"2026-04-12T07:58:16.274Z",13,0.05,0.05,1,0.0813472089984094,"approved",0,45715.79,30,1523.85966666667,11,2,"cmnvwntpo0048wcfg8n5uuuyz",0,"Chennai",13.0827,80.2707,1,4.89241930196709
"2026-04-12 07:58:45.916000+00:00","demo_1775980725916_d247",143.25,"2026-04-12T07:58:45.916Z",13,0.05,0.05,1,0.0400707664412664,"approved",0,45859.04,31,1479.32387096774,11,3,"cmnvwntpo0048wcfg8n5uuuyz",0,"Mumbai",19.076,72.8777,1,4.07764808441187
"2026-04-12 08:00:50.688000+00:00","demo_1775980850688_a855",2240.24,"2026-04-12T08:00:50.688Z",13,0.85,0.6,1,0.856036274264855,"blocked",1,176186.17,56,3146.18160714286,41,2,"cmnvwntpn0046wcfg1jb1kexr",1,"Bengaluru",12.9716,77.5946,2,64.0300439849771
"2026-04-12 08:03:52.900000+00:00","demo_1775981032900_cdaa",3768.03,"2026-04-12T08:03:52.900Z",13,0.85,0.6,1,0.868803547147992,"blocked",1,179954.2,57,3157.09122807018,42,2,"cmnvwntpn0046wcfg1jb1kexr",1,"Mumbai",19.076,72.8777,2,73.5094098020894
"2026-04-12 08:06:47.723000+00:00","demo_1775981207723_3a27",321.32,"2026-04-12T08:06:47.723Z",13,0.05,0.05,1,0.0905024442426249,"approved",0,46180.36,32,1443.13625,11,4,"cmnvwntpo0048wcfg8n5uuuyz",1,"Bengaluru",12.9716,77.5946,1,10.1740303847755
"2026-04-12 08:07:29.289000+00:00","demo_1775981249289_629f",335.03,"2026-04-12T08:07:29.289Z",13,0.05,0.05,1,0.0459407734757109,"approved",0,46515.39,33,1409.55727272727,11,5,"cmnvwntpo0048wcfg8n5uuuyz",1,"Chennai",13.0827,80.2707,1,10.2807569374049
"2026-04-12 08:09:59.411000+00:00","demo_1775981399411_81ad",1504.72,"2026-04-12T08:09:59.411Z",13,0.05,0.05,1,0.904203488723823,"blocked",1,48020.11,34,1412.35617647059,12,3,"cmnvwntpo0048wcfg8n5uuuyz",1,"Mumbai",19.076,72.8777,1,17.4389988962122
"2026-04-12 08:19:48.307000+00:00","demo_1775981988307_7b1c",331.33,"2026-04-12T08:19:48.307Z",13,0.05,0.05,1,0.073378472426669,"approved",0,48351.44,35,1381.46971428571,12,2,"cmnvwntpo0048wcfg8n5uuuyz",0,"Mumbai",19.076,72.8777,1,5.39049029388363
"2026-04-12 08:21:06.568000+00:00","demo_1775982066568_8118",2614.98,"2026-04-12T08:21:06.568Z",13,0.85,0.6,1,0.893472273085643,"blocked",1,182569.18,58,3147.74448275862,43,1,"cmnvwntpn0046wcfg1jb1kexr",1,"Delhi",28.6139,77.209,2,66.7477179278841
"2026-04-12 08:32:29.142000+00:00","demo_1775982749142_44e8",1442.1,"2026-04-12T08:32:29.142Z",14,0.85,0.6,1,0.94635201272585,"blocked",1,184011.28,59,3118.83525423729,44,1,"cmnvwntpn0046wcfg1jb1kexr",1,"Delhi",28.6139,77.209,2,59.7821610560946
"2026-04-12 08:41:52.081000+00:00","demo_1775983312081_6773",4231.18,"2026-04-12T08:41:52.081Z",14,0.85,0.6,1,0.7575188962828,"approved",0,188242.46,60,3137.37433333333,44,2,"cmnvwntpn0046wcfg1jb1kexr",0,"Hyderabad",17.385,78.4867,2,71.896965016397
"2026-04-12 08:45:30.999000+00:00","demo_1775983530999_9dad",28.44,"2026-04-12T08:45:30.999Z",14,0.1,0.1,1,0.0894692290477073,"approved",0,35003.34,23,1521.88434782609,10,1,"cmnvwnucr004cwcfg90ndenvj",0,"Hyderabad",17.385,78.4867,1,5.03147171939773
"2026-04-12 08:49:14.011000+00:00","demo_1775983754011_749c",1611.11,"2026-04-12T08:49:14.011Z",14,0.85,0.6,1,0.904580523832394,"blocked",1,189853.57,61,3112.35360655738,45,2,"cmnvwntpn0046wcfg1jb1kexr",1,"Delhi",28.6139,77.209,2,61.2209609646666
"2026-04-12 08:50:29.068000+00:00","demo_1775983829068_75ef",2106.5,"2026-04-12T08:50:29.068Z",14,0.85,0.6,1,0.860139442882943,"blocked",1,191960.07,62,3096.13016129032,46,3,"cmnvwntpn0046wcfg1jb1kexr",1,"Delhi",28.6139,77.209,2,64.358291819139
"2026-04-12 08:51:29.616000+00:00","demo_1775983889616_ae56",246.91,"2026-04-12T08:51:29.616Z",14,0.1,0.1,1,0.0242527064600706,"approved",0,35250.25,24,1468.76041666667,10,2,"cmnvwnucr004cwcfg90ndenvj",0,"Hyderabad",17.385,78.4867,1,6.36600464024638
"2026-04-12 09:12:06.518000+00:00","demo_1775985126518_09ec",4198.63,"2026-04-12T09:12:06.518Z",14,0.85,0.6,1,0.824504616391672,"blocked",1,196158.7,63,3113.63015873016,47,1,"cmnvwntpn0046wcfg1jb1kexr",1,"Hyderabad",17.385,78.4867,2,77.2700510551475
"2026-04-12 09:17:38.886000+00:00","demo_1775985458886_f818",4062.4,"2026-04-12T09:17:38.886Z",14,0.85,0.6,1,0.795100880918956,"approved",0,200221.1,64,3128.4546875,47,2,"cmnvwntpn0046wcfg1jb1kexr",0,"Delhi",28.6139,77.209,2,71.7410922143981
"2026-04-12 09:20:02.043000+00:00","demo_1775985602043_5a34",2831,"2026-04-12T09:20:02.043Z",14,0.85,0.6,1,0.916854899566143,"blocked",1,203052.1,65,3123.87846153846,48,3,"cmnvwntpn0046wcfg1jb1kexr",1,"Mumbai",19.076,72.8777,2,69.5226983986314
"2026-04-12 09:24:46.775000+00:00","demo_1775985886775_0f83",1095.14,"2026-04-12T09:24:46.775Z",14,0.85,0.6,1,0.840239385245074,"blocked",1,204147.24,66,3093.14,49,3,"cmnvwntpn0046wcfg1jb1kexr",1,"Mumbai",19.076,72.8777,2,59.1389599211673
"2026-04-12 09:25:24.316000+00:00","demo_1775985924316_e276",4494.38,"2026-04-12T09:25:24.316Z",14,0.85,0.6,1,0.945679462858244,"blocked",1,208641.62,67,3114.05402985075,50,4,"cmnvwntpn0046wcfg1jb1kexr",1,"Delhi",28.6139,77.209,2,79.9502886020026
"2026-04-12 09:25:35.167000+00:00","demo_1775985935167_8020",2425.98,"2026-04-12T09:25:35.167Z",14,0.85,0.6,1,0.750285639372977,"approved",0,211067.6,68,3103.93529411765,50,5,"cmnvwntpn0046wcfg1jb1kexr",1,"Delhi",28.6139,77.209,2,67.6579461616354
"2026-04-12 09:31:20.345000+00:00","demo_1775986280345_6300",189.89,"2026-04-12T09:31:20.345Z",15,0.1,0.1,1,0.0950562089020659,"approved",0,35440.14,25,1417.6056,10,1,"cmnvwnucr004cwcfg90ndenvj",0,"Mumbai",19.076,72.8777,1,6.03598524775702
"2026-04-12 09:35:10.763000+00:00","demo_1775986510763_4307",3587.68,"2026-04-12T09:35:10.763Z",15,0.85,0.6,1,0.845916739845319,"blocked",1,214655.28,69,3110.94608695652,51,3,"cmnvwntpn0046wcfg1jb1kexr",1,"Hyderabad",17.385,78.4867,2,74.9178203212077
"2026-04-12 09:38:33.730000+00:00","demo_1775986713730_72f5",2688.18,"2026-04-12T09:38:33.730Z",15,0.85,0.6,1,0.863115468917601,"blocked",1,217343.46,70,3104.90657142857,52,2,"cmnvwntpn0046wcfg1jb1kexr",1,"Bengaluru",12.9716,77.5946,2,69.6896060525984
"2026-04-12 09:42:58.310000+00:00","demo_1775986978310_aad9",3210.02,"2026-04-12T09:42:58.310Z",15,0.85,0.6,1,0.89409488044128,"blocked",1,220553.48,71,3106.38704225352,53,3,"cmnvwntpn0046wcfg1jb1kexr",1,"Chennai",13.0827,80.2707,2,73.0657145900028
"2026-04-12 09:46:13.702000+00:00","demo_1775987173702_a54b",1163.59,"2026-04-12T09:46:13.702Z",15,0.05,0.05,1,0.802740018077458,"blocked",1,49515.03,36,1375.4175,13,1,"cmnvwntpo0048wcfg8n5uuuyz",1,"Delhi",28.6139,77.209,1,15.4904200471588
"2026-04-12 10:01:58.046000+00:00","demo_1775988118046_24b7",1749.01,"2026-04-12T10:01:58.046Z",15,0.85,0.6,1,0.751018923416224,"approved",0,222302.49,72,3087.53458333333,53,1,"cmnvwntpn0046wcfg1jb1kexr",0,"Hyderabad",17.385,78.4867,2,59.3855917228667
"2026-04-12 10:10:07.143000+00:00","demo_1775988607143_9c16",3564.86,"2026-04-12T10:10:07.143Z",15,0.85,0.6,1,0.821415841243896,"blocked",1,225867.35,73,3094.07328767123,54,2,"cmnvwntpn0046wcfg1jb1kexr",1,"Delhi",28.6139,77.209,2,75.5865617898136
"2026-04-12 10:11:14.571000+00:00","demo_1775988674571_d0b2",252.38,"2026-04-12T10:11:14.571Z",15,0.05,0.05,1,0.0937197360049347,"approved",0,49767.41,37,1345.06513513514,13,1,"cmnvwntpo0048wcfg8n5uuuyz",0,"Bengaluru",12.9716,77.5946,1,5.0164629388479
"2026-04-12 10:16:16.836000+00:00","demo_1775988976836_945a",2222.61,"2026-04-12T10:16:16.836Z",15,0.85,0.6,1,0.865290005456,"blocked",1,228089.96,74,3082.29675675676,55,2,"cmnvwntpn0046wcfg1jb1kexr",1,"Delhi",28.6139,77.209,2,67.6562947735155
"2026-04-12 10:18:31.096000+00:00","demo_1775989111096_1d99",2074.99,"2026-04-12T10:18:31.096Z",15,0.85,0.6,1,0.788409263191333,"approved",0,230164.95,75,3068.866,55,3,"cmnvwntpn0046wcfg1jb1kexr",0,"Mumbai",19.076,72.8777,2,61.9157664935624
"2026-04-12 10:18:46.756000+00:00","demo_1775989126756_6659",3846.71,"2026-04-12T10:18:46.756Z",15,0.85,0.6,1,0.784571592932621,"approved",0,234011.66,76,3079.10078947368,55,4,"cmnvwntpn0046wcfg1jb1kexr",1,"Hyderabad",17.385,78.4867,2,77.8710216827022
"2026-04-12 10:30:36.611000+00:00","demo_1775989836611_7a9c",162.73,"2026-04-12T10:30:36.611Z",16,0.1,0.1,1,0.0068419452024051,"approved",0,35602.87,26,1369.34115384615,10,1,"cmnvwnucr004cwcfg90ndenvj",0,"Chennai",13.0827,80.2707,1,5.88398692541708
"2026-04-12 10:32:37.622000+00:00","demo_1775989957622_b19a",203.21,"2026-04-12T10:32:37.622Z",16,0.1,0.1,1,0.0111200315210316,"approved",0,35806.08,27,1326.15111111111,10,2,"cmnvwnucr004cwcfg90ndenvj",0,"Delhi",28.6139,77.209,1,6.14258396970871
"2026-04-12 10:36:36.894000+00:00","demo_1775990196894_0551",265.28,"2026-04-12T10:36:36.894Z",16,0.05,0.05,1,0.0759338865539791,"approved",0,50032.69,38,1316.64973684211,13,1,"cmnvwntpo0048wcfg8n5uuuyz",0,"Mumbai",19.076,72.8777,1,5.11329153463218
"2026-04-12 10:42:21.802000+00:00","demo_1775990541802_f255",298.06,"2026-04-12T10:42:21.802Z",16,0.05,0.05,1,0.0134225105568009,"approved",0,50330.75,39,1290.53205128205,13,2,"cmnvwntpo0048wcfg8n5uuuyz",0,"Mumbai",19.076,72.8777,1,5.33229948473796
"2026-04-12 10:55:15.720000+00:00","demo_1775991315720_5b32",149.31,"2026-04-12T10:55:15.720Z",16,0.1,0.1,1,0.0071068880245943,"approved",0,35955.39,28,1284.12107142857,10,1,"cmnvwnucr004cwcfg90ndenvj",0,"Chennai",13.0827,80.2707,1,5.82845145759439
"2026-04-12 11:01:40.457000+00:00","demo_1775991700457_ffe0",111.59,"2026-04-12T11:01:40.457Z",16,0.05,0.05,1,0.0265066885400457,"approved",0,50442.34,40,1261.0585,13,1,"cmnvwntpo0048wcfg8n5uuuyz",0,"Bengaluru",12.9716,77.5946,1,4.21641961391579
"2026-04-12 11:14:22.540000+00:00","demo_1775992462540_b5ff",499.99,"2026-04-12T11:14:22.540Z",16,0.05,0.05,1,0.0240720979968755,"approved",0,50942.33,41,1242.49585365854,13,1,"cmnvwntpo0048wcfg8n5uuuyz",0,"Hyderabad",17.385,78.4867,1,6.59336559585172
"2026-04-12 11:21:19.335000+00:00","demo_1775992879335_b797",1029.2,"2026-04-12T11:21:19.335Z",16,0.85,0.6,1,0.794540820875843,"approved",0,235040.86,77,3052.4787012987,55,1,"cmnvwntpn0046wcfg1jb1kexr",0,"Delhi",28.6139,77.209,2,55.9631475828578
"2026-04-12 11:37:52.077000+00:00","demo_1775993872077_1db3",4073.94,"2026-04-12T11:37:52.077Z",17,0.85,0.6,1,0.94356551195005,"blocked",1,239114.8,78,3065.57435897436,56,1,"cmnvwntpn0046wcfg1jb1kexr",1,"Mumbai",19.076,72.8777,2,79.6075752542269
"2026-04-12 11:40:04.849000+00:00","demo_1775994004849_c171",4023.79,"2026-04-12T11:40:04.849Z",17,0.85,0.6,1,0.777487631784887,"approved",0,243138.59,79,3077.70367088608,56,2,"cmnvwntpn0046wcfg1jb1kexr",0,"Chennai",13.0827,80.2707,2,74.5946670607068
"2026-04-12 11:46:31.307000+00:00","demo_1775994391307_f8f4",2478,"2026-04-12T11:46:31.307Z",17,0.85,0.6,1,0.88926840591784,"blocked",1,245616.59,80,3070.207375,57,3,"cmnvwntpn0046wcfg1jb1kexr",1,"Bengaluru",12.9716,77.5946,2,70.4559756824754
"2026-04-12 11:57:35.862000+00:00","demo_1775995055862_5fb0",2662.6,"2026-04-12T11:57:35.862Z",17,0.85,0.6,1,0.808045638219364,"blocked",1,248279.19,81,3065.17518518519,58,1,"cmnvwntpn0046wcfg1jb1kexr",1,"Delhi",28.6139,77.209,2,71.7600824441607
"2026-04-12 12:00:05.960000+00:00","demo_1775995205960_50e4",3116.03,"2026-04-12T12:00:05.960Z",17,0.85,0.6,1,0.753252156993855,"approved",0,251395.22,82,3065.79536585366,58,2,"cmnvwntpn0046wcfg1jb1kexr",0,"Chennai",13.0827,80.2707,2,69.7171066015919
"2026-04-12 12:12:34.318000+00:00","demo_1775995954318_d2b4",65.03,"2026-04-12T12:12:34.318Z",17,0.1,0.1,1,0.0708212706590244,"approved",0,36020.42,29,1242.08344827586,10,1,"cmnvwnucr004cwcfg90ndenvj",0,"Bengaluru",12.9716,77.5946,1,5.32514980978696
"2026-04-12 12:15:54.427000+00:00","demo_1775996154427_48f5",313.87,"2026-04-12T12:15:54.427Z",17,0.1,0.1,1,0.0452064277592209,"approved",0,36334.29,30,1211.143,10,2,"cmnvwnucr004cwcfg90ndenvj",0,"Hyderabad",17.385,78.4867,1,6.84754607575773
"2026-04-12 12:21:49.214000+00:00","demo_1775996509214_f7bf",4520.76,"2026-04-12T12:21:49.214Z",17,0.85,0.6,1,0.798775926880071,"approved",0,255915.98,83,3083.32506024096,58,1,"cmnvwntpn0046wcfg1jb1kexr",0,"Delhi",28.6139,77.209,2,78.5088873068628
"2026-04-12 12:24:14.679000+00:00","demo_1775996654679_bc1c",1141.41,"2026-04-12T12:24:14.679Z",17,0.85,0.6,1,0.898416023222527,"blocked",1,257057.39,84,3060.20702380952,59,2,"cmnvwntpn0046wcfg1jb1kexr",1,"Mumbai",19.076,72.8777,2,63.2227225737155
"2026-04-12 12:25:25.673000+00:00","demo_1775996725673_a72c",2968.67,"2026-04-12T12:25:25.673Z",17,0.85,0.6,1,0.750254656181681,"approved",0,260026.06,85,3059.13011764706,59,3,"cmnvwntpn0046wcfg1jb1kexr",0,"Bengaluru",12.9716,77.5946,2,69.4495904751112
"2026-04-12 12:38:11.217000+00:00","demo_1775997491217_b522",303.44,"2026-04-12T12:38:11.217Z",18,0.05,0.05,1,0.0231469810410039,"approved",0,51245.77,42,1220.13738095238,13,1,"cmnvwntpo0048wcfg8n5uuuyz",0,"Bengaluru",12.9716,77.5946,1,5.43052721005526
"2026-04-12 12:42:52.543000+00:00","demo_1775997772543_daaa",3931.62,"2026-04-12T12:42:52.543Z",18,0.85,0.6,1,0.848797115074253,"blocked",1,263957.68,86,3069.27534883721,60,1,"cmnvwntpn0046wcfg1jb1kexr",1,"Hyderabad",17.385,78.4867,2,80.5362787015114
"2026-04-12 12:51:05.741000+00:00","demo_1775998265741_505f",247.5,"2026-04-12T12:51:05.741Z",18,0.05,0.05,1,0.012380460522386,"approved",0,51493.27,43,1197.51790697674,13,1,"cmnvwntpo0048wcfg8n5uuuyz",0,"Hyderabad",17.385,78.4867,1,5.11116012347544
"2026-04-12 12:54:14.429000+00:00","demo_1775998454429_f7f3",4441.22,"2026-04-12T12:54:14.429Z",18,0.85,0.6,1,0.887161366606956,"blocked",1,268398.9,87,3085.04482758621,61,1,"cmnvwntpn0046wcfg1jb1kexr",1,"Hyderabad",17.385,78.4867,2,83.9271516871121
"2026-04-12 13:00:55.115000+00:00","demo_1775998855115_882a",474.04,"2026-04-12T13:00:55.115Z",18,0.05,0.05,1,0.0843643753378179,"approved",0,51967.31,44,1181.07522727273,13,2,"cmnvwntpo0048wcfg8n5uuuyz",0,"Bengaluru",12.9716,77.5946,1,6.51066649143973
"2026-04-12 13:11:59.781000+00:00","demo_1775999519781_940a",4340,"2026-04-12T13:11:59.781Z",18,0.85,0.6,1,0.838996985964517,"blocked",1,272738.9,88,3099.30568181818,62,1,"cmnvwntpn0046wcfg1jb1kexr",1,"Mumbai",19.076,72.8777,2,83.6291702807253
"2026-04-12 13:18:31.428000+00:00","demo_1775999911428_3dd6",286.32,"2026-04-12T13:18:31.428Z",18,0.1,0.1,1,0.0029589510346221,"approved",0,36620.61,31,1181.31,10,1,"cmnvwnucr004cwcfg90ndenvj",0,"Mumbai",19.076,72.8777,1,6.70208473790942
"2026-04-12 13:22:02.475000+00:00","demo_1776000122475_ac6c",301.41,"2026-04-12T13:22:02.475Z",18,0.1,0.1,1,0.0266546286136147,"approved",0,36922.02,32,1153.813125,10,2,"cmnvwnucr004cwcfg90ndenvj",0,"Mumbai",19.076,72.8777,1,6.81471123405851
"2026-04-12 13:23:08.990000+00:00","demo_1776000188990_1554",428.6,"2026-04-12T13:23:08.990Z",18,0.05,0.05,1,0.0183788643891773,"approved",0,52395.91,45,1164.35355555556,13,1,"cmnvwntpo0048wcfg8n5uuuyz",0,"Chennai",13.0827,80.2707,1,6.26760899682651
"2026-04-12 13:27:18.797000+00:00","demo_1776000438797_5511",3746.54,"2026-04-12T13:27:18.797Z",18,0.85,0.6,1,0.87138940281601,"blocked",1,276485.44,89,3106.57797752809,63,1,"cmnvwntpn0046wcfg1jb1kexr",1,"Hyderabad",17.385,78.4867,2,80.321649824254
"2026-04-12 13:30:52.302000+00:00","demo_1776000652302_cfbf",2165.06,"2026-04-12T13:30:52.302Z",19,0.85,0.6,1,0.831702346524988,"blocked",1,278650.5,90,3096.11666666667,64,2,"cmnvwntpn0046wcfg1jb1kexr",1,"Mumbai",19.076,72.8777,2,70.9453410955788
"2026-04-12 13:38:09.503000+00:00","demo_1776001089503_aff7",300.32,"2026-04-12T13:38:09.503Z",19,0.05,0.05,1,0.0408962522329753,"approved",0,52696.23,46,1145.5702173913,13,1,"cmnvwntpo0048wcfg8n5uuuyz",0,"Chennai",13.0827,80.2707,1,5.5160277877177
"2026-04-12 13:53:57.809000+00:00","demo_1776002037809_ade6",1536.39,"2026-04-12T13:53:57.809Z",19,0.85,0.6,1,0.78950010871271,"approved",0,280186.89,91,3078.97681318681,64,1,"cmnvwntpn0046wcfg1jb1kexr",0,"Hyderabad",17.385,78.4867,2,62.2666639861087
"2026-04-12 13:54:19.942000+00:00","demo_1776002059942_3f5c",1534.91,"2026-04-12T13:54:19.942Z",19,0.85,0.6,1,0.811638479701368,"blocked",1,281721.8,92,3062.19347826087,65,2,"cmnvwntpn0046wcfg1jb1kexr",1,"Mumbai",19.076,72.8777,2,67.3681222606692
"2026-04-12 13:55:13.224000+00:00","demo_1776002113224_4096",1953.09,"2026-04-12T13:55:13.224Z",19,0.85,0.6,1,0.814492151018334,"blocked",1,283674.89,93,3050.2676344086,66,3,"cmnvwntpn0046wcfg1jb1kexr",1,"Mumbai",19.076,72.8777,2,70.0290557643237
"2026-04-12 13:55:44.660000+00:00","demo_1776002144660_47fc",142.26,"2026-04-12T13:55:44.660Z",19,0.05,0.05,1,0.0749086354504365,"approved",0,52838.49,47,1124.22319148936,13,1,"cmnvwntpo0048wcfg8n5uuuyz",0,"Mumbai",19.076,72.8777,1,4.57358812720608
"2026-04-12 14:11:42.811000+00:00","demo_1776003102811_80bd",4908.97,"2026-04-12T14:11:42.811Z",19,0.85,0.6,1,0.891187676629248,"blocked",1,288583.86,94,3070.04106382979,67,1,"cmnvwntpn0046wcfg1jb1kexr",1,"Hyderabad",17.385,78.4867,2,88.197949234855
"2026-04-12 14:13:34.191000+00:00","demo_1776003214191_b2d9",374.83,"2026-04-12T14:13:34.191Z",19,0.1,0.1,1,0.0392010195480136,"approved",0,37296.85,33,1130.20757575758,10,1,"cmnvwnucr004cwcfg90ndenvj",0,"Delhi",28.6139,77.209,1,7.28418802293351
"2026-04-12 14:20:44.646000+00:00","demo_1776003644646_40c5",353.91,"2026-04-12T14:20:44.646Z",19,0.1,0.1,1,0.0609976062812152,"approved",0,37650.76,34,1107.37529411765,10,2,"cmnvwnucr004cwcfg90ndenvj",0,"Bengaluru",12.9716,77.5946,1,7.1835480077745
"2026-04-12 14:22:37.644000+00:00","demo_1776003757644_c9af",4444.66,"2026-04-12T14:22:37.644Z",19,0.85,0.6,1,0.936507908471036,"blocked",1,293028.52,95,3084.51073684211,68,1,"cmnvwntpn0046wcfg1jb1kexr",1,"Chennai",13.0827,80.2707,2,85.7190536459767
"2026-04-12 14:35:52.598000+00:00","demo_1776004552598_b388",1764.96,"2026-04-12T14:35:52.598Z",20,0.85,0.6,1,0.817549716814734,"blocked",1,294793.48,96,3070.76541666667,69,1,"cmnvwntpn0046wcfg1jb1kexr",1,"Chennai",13.0827,80.2707,2,69.6947073211927
"2026-04-12 14:37:19.007000+00:00","demo_1776004639007_e79d",1804.11,"2026-04-12T14:37:19.007Z",20,0.85,0.6,1,0.866458111467784,"blocked",1,296597.59,97,3057.70711340206,70,2,"cmnvwntpn0046wcfg1jb1kexr",1,"Hyderabad",17.385,78.4867,2,70.0604122108673
"2026-04-12 14:42:47.237000+00:00","demo_1776004967237_7f58",61.94,"2026-04-12T14:42:47.237Z",20,0.05,0.05,1,0.0527469757267943,"approved",0,52900.43,48,1102.09229166667,13,1,"cmnvwntpo0048wcfg8n5uuuyz",0,"Mumbai",19.076,72.8777,1,4.09393224968739
"2026-04-12 14:46:26.360000+00:00","demo_1776005186360_7b04",4628.58,"2026-04-12T14:46:26.360Z",20,0.85,0.6,1,0.828326856521793,"blocked",1,301226.17,98,3073.73642857143,71,2,"cmnvwntpn0046wcfg1jb1kexr",1,"Bengaluru",12.9716,77.5946,2,87.4170990389591
"2026-04-12 15:03:17.216000+00:00","demo_1776006197216_16b3",4183.47,"2026-04-12T15:03:17.216Z",20,0.85,0.6,1,0.859771918093552,"blocked",1,305409.64,99,3084.94585858586,72,1,"cmnvwntpn0046wcfg1jb1kexr",1,"Hyderabad",17.385,78.4867,2,85.0351442570389
"2026-04-12 15:09:34.169000+00:00","demo_1776006574169_712b",2736.93,"2026-04-12T15:09:34.169Z",20,0.85,0.6,1,0.800261777962695,"blocked",1,308146.57,100,3081.4657,73,2,"cmnvwntpn0046wcfg1jb1kexr",1,"Chennai",13.0827,80.2707,2,76.5132793689598
"2026-04-12 15:13:21.713000+00:00","demo_1776006801713_102c",1567.03,"2026-04-12T15:13:21.713Z",20,0.85,0.6,1,0.785024969019882,"approved",0,309713.6,101,3066.47128712871,73,2,"cmnvwntpn0046wcfg1jb1kexr",0,"Delhi",28.6139,77.209,2,64.5746677348958
"2026-04-12 15:57:34.279000+00:00","demo_1776009454279_2b63",2687.92,"2026-04-12T15:57:34.279Z",21,0.85,0.6,1,0.80476126542807,"blocked",1,312401.52,102,3062.76,74,1,"cmnvwntpn0046wcfg1jb1kexr",1,"Mumbai",19.076,72.8777,2,76.5238654656064
"2026-04-12 16:17:34.782000+00:00","demo_1776010654782_83cd",3025.92,"2026-04-12T16:17:34.782Z",21,0.85,0.6,1,0.80523519077021,"blocked",1,315427.44,103,3062.40233009709,75,1,"cmnvwntpn0046wcfg1jb1kexr",1,"Mumbai",19.076,72.8777,2,78.7786821509344
"2026-04-12 16:22:55.061000+00:00","demo_1776010975061_3e2a",4108.85,"2026-04-12T16:22:55.061Z",21,0.85,0.6,1,0.801521952236619,"blocked",1,319536.29,104,3072.46432692308,76,2,"cmnvwntpn0046wcfg1jb1kexr",1,"Mumbai",19.076,72.8777,2,85.6012668997034
"2026-04-12 16:43:33.306000+00:00","demo_1776012213306_27fe",344.82,"2026-04-12T16:43:33.306Z",22,0.1,0.1,1,0.0303856003122162,"approved",0,37995.58,35,1085.588,10,1,"cmnvwnucr004cwcfg90ndenvj",0,"Bengaluru",12.9716,77.5946,1,7.15355688429523
"2026-04-12 16:44:18.452000+00:00","demo_1776012258452_dbb5",153.37,"2026-04-12T16:44:18.452Z",22,0.05,0.05,1,0.0869014134973783,"approved",0,53053.8,49,1082.7306122449,13,1,"cmnvwntpo0048wcfg8n5uuuyz",0,"Delhi",28.6139,77.209,1,4.65603446584453
"2026-04-12 16:44:35.244000+00:00","demo_1776012275244_b172",3657.29,"2026-04-12T16:44:35.244Z",22,0.85,0.6,1,0.860186911159234,"blocked",1,323193.58,105,3078.0340952381,77,1,"cmnvwntpn0046wcfg1jb1kexr",1,"Chennai",13.0827,80.2707,2,83.1425975246631
"2026-04-12 16:47:03.757000+00:00","demo_1776012423757_e2d2",4318.43,"2026-04-12T16:47:03.757Z",22,0.85,0.6,1,0.756235717004184,"approved",0,327512.01,106,3089.73594339623,77,2,"cmnvwntpn0046wcfg1jb1kexr",0,"Hyderabad",17.385,78.4867,2,82.4380125165571
"2026-04-12 16:57:28.060000+00:00","demo_1776013048060_e5c5",2121.26,"2026-04-12T16:57:28.060Z",22,0.85,0.6,1,0.829927617217543,"blocked",1,329633.27,107,3080.68476635514,78,1,"cmnvwntpn0046wcfg1jb1kexr",1,"Hyderabad",17.385,78.4867,2,74.3476257977242
"2026-04-12 17:01:28.991000+00:00","demo_1776013288991_1d0d",4988.24,"2026-04-12T17:01:28.991Z",22,0.85,0.6,1,0.756176418126738,"approved",0,334621.51,108,3098.34731481482,78,2,"cmnvwntpn0046wcfg1jb1kexr",0,"Chennai",13.0827,80.2707,2,86.9863956738278
"2026-04-12 17:13:36.479000+00:00","demo_1776014016479_031a",3823.19,"2026-04-12T17:13:36.479Z",22,0.85,0.6,1,0.93593042527947,"blocked",1,338444.7,109,3104.99724770642,79,1,"cmnvwntpn0046wcfg1jb1kexr",1,"Mumbai",19.076,72.8777,2,85.2392615323737
"2026-04-12 17:14:33.260000+00:00","demo_1776014073260_db09",2015.31,"2026-04-12T17:14:33.260Z",22,0.85,0.6,1,0.879124592612468,"blocked",1,340460.01,110,3095.091,80,2,"cmnvwntpn0046wcfg1jb1kexr",1,"Hyderabad",17.385,78.4867,2,74.4876106341662
"2026-04-12 17:18:08.895000+00:00","demo_1776014288895_ff61",278.02,"2026-04-12T17:18:08.895Z",22,0.05,0.05,1,0.0647817555354331,"approved",0,53331.82,50,1066.6364,13,1,"cmnvwntpo0048wcfg8n5uuuyz",0,"Mumbai",19.076,72.8777,1,5.42732634922564
"2026-04-12 17:26:48.154000+00:00","demo_1776014808154_83ad",4950.63,"2026-04-12T17:26:48.154Z",22,0.85,0.6,1,0.754469492701563,"approved",0,345410.64,111,3111.80756756757,80,1,"cmnvwntpn0046wcfg1jb1kexr",0,"Mumbai",19.076,72.8777,2,87.5355793466955
"2026-04-12 17:45:09.580000+00:00","demo_1776015909580_f7da",10.86,"2026-04-12T17:45:09.580Z",23,0.1,0.1,1,0.0226292294330743,"approved",0,38006.44,36,1055.73444444444,10,1,"cmnvwnucr004cwcfg90ndenvj",0,"Chennai",13.0827,80.2707,1,5.14147164318608
"2026-04-12 17:48:25.595000+00:00","demo_1776016105595_6113",39.8,"2026-04-12T17:48:25.595Z",23,0.05,0.05,1,0.0591332718115597,"approved",0,53371.62,51,1046.50235294118,13,1,"cmnvwntpo0048wcfg8n5uuuyz",0,"Bengaluru",12.9716,77.5946,1,3.99437282164371
"2026-04-12 17:48:32.283000+00:00","demo_1776016112283_2b6a",2487.92,"2026-04-12T17:48:32.283Z",23,0.85,0.6,1,0.756090297382339,"approved",0,347898.56,112,3106.23714285714,80,1,"cmnvwntpn0046wcfg1jb1kexr",0,"Mumbai",19.076,72.8777,2,72.8710793512202
"2026-04-12 17:57:16.334000+00:00","demo_1776016636334_0076",352.74,"2026-04-12T17:57:16.334Z",23,0.05,0.05,1,0.0124964728847599,"approved",0,53724.36,52,1033.16076923077,13,2,"cmnvwntpo0048wcfg8n5uuuyz",0,"Delhi",28.6139,77.209,1,5.90591214928917
"2026-04-12 06:50:17.078000+00:00","demo_1775976617078_6746",2730.14,"2026-04-12T06:50:17.078Z",12,0.85,0.6,1,0.94801672476613,"blocked",1,146035.25,48,3042.40104166667,34,2,"cmnvwntpn0046wcfg1jb1kexr",1,"Mumbai",19.076,72.8777,2,64.8145857228073
"2026-04-12 06:50:17.078000+00:00","demo_1775976617078_6746",2730.14,"2026-04-12T06:50:17.078Z",12,0.85,0.6,1,0.94801672476613,"blocked",1,146035.25,48,3042.40104166667,34,2,"cmnvwntpn0046wcfg1jb1kexr",1,"Mumbai",19.076,72.8777,2,64.8145857228073
"2026-04-12 11:46:31.307000+00:00","demo_1775994391307_f8f4",2478,"2026-04-12T11:46:31.307Z",17,0.85,0.6,1,0.88926840591784,"blocked",1,245616.59,80,3070.207375,57,3,"cmnvwntpn0046wcfg1jb1kexr",1,"Bengaluru",12.9716,77.5946,2,70.4559756824754
"2026-04-12 06:53:49.839000+00:00","demo_1775976829839_d599",4781.32,"2026-04-12T06:53:49.839Z",12,0.85,0.6,1,0.921535164716125,"blocked",1,150816.57,49,3077.88918367347,35,3,"cmnvwntpn0046wcfg1jb1kexr",1,"Chennai",13.0827,80.2707,2,77.521430833022
"2026-04-12 06:50:17.078000+00:00","demo_1775976617078_6746",2730.14,"2026-04-12T06:50:17.078Z",12,0.85,0.6,1,0.94801672476613,"blocked",1,146035.25,48,3042.40104166667,34,2,"cmnvwntpn0046wcfg1jb1kexr",1,"Mumbai",19.076,72.8777,2,64.8145857228073
"2026-04-12 07:29:15.189000+00:00","demo_1775978955189_08a1",3741.35,"2026-04-12T07:29:15.189Z",12,0.85,0.6,1,0.868228580814953,"blocked",1,168309.43,53,3175.64962264151,38,2,"cmnvwntpn0046wcfg1jb1kexr",1,"Bengaluru",12.9716,77.5946,2,72.5112022254863
"2026-04-12 02:36:07.123000+00:00","demo_1775961367123_41a9",3728.22,"2026-04-12T02:36:07.123Z",8,0.85,0.6,1,0.83360475783399,"blocked",1,115330.37,38,3035.00973684211,26,1,"cmnvwntpn0046wcfg1jb1kexr",1,"Delhi",28.6139,77.209,2,68.6222277490608
"2026-04-11 23:36:09.725000+00:00","demo_1775950569725_85d0",1459.79,"2026-04-11T23:36:09.725Z",5,0.85,0.6,1,0.847231221900689,"blocked",1,79801.58,27,2955.61407407407,18,3,"cmnvwntpn0046wcfg1jb1kexr",1,"Delhi",28.6139,77.209,3,52.3948430903389
"2026-04-12 01:49:00.204000+00:00","demo_1775958540204_90a3",4477.3,"2026-04-12T01:49:00.204Z",7,0.85,0.6,1,0.800544930463848,"blocked",1,101828.67,34,2994.96088235294,24,1,"cmnvwntpn0046wcfg1jb1kexr",1,"Hyderabad",17.385,78.4867,2,72.1661973269897
"2026-04-12 09:46:13.702000+00:00","demo_1775987173702_a54b",1163.59,"2026-04-12T09:46:13.702Z",15,0.05,0.05,1,0.802740018077458,"blocked",1,49515.03,36,1375.4175,13,1,"cmnvwntpo0048wcfg8n5uuuyz",1,"Delhi",28.6139,77.209,1,15.4904200471588
"2026-04-12 11:57:35.862000+00:00","demo_1775995055862_5fb0",2662.6,"2026-04-12T11:57:35.862Z",17,0.85,0.6,1,0.808045638219364,"blocked",1,248279.19,81,3065.17518518519,58,1,"cmnvwntpn0046wcfg1jb1kexr",1,"Delhi",28.6139,77.209,2,71.7600824441607
"2026-04-11 23:17:44.171000+00:00","demo_1775949464171_9c18",4901.18,"2026-04-11T23:17:44.171Z",4,0.85,0.9,1,0.872263449635822,"blocked",1,75095.55,24,3128.98125,15,1,"cmnvwntpn0046wcfg1jb1kexr",1,"Hyderabad",17.385,78.4867,3,79.8574236428831
"2026-04-11 21:57:58.255000+00:00","demo_1775944678255_de93",2277.47,"2026-04-11T21:57:58.255Z",3,0.1,0.9,1,0.947019507116806,"blocked",1,29511.85,12,2459.32083333333,9,1,"cmnvwnucr004cwcfg90ndenvj",1,"Chennai",13.0827,80.2707,3,42.0156015550522
"2026-04-12 16:17:34.782000+00:00","demo_1776010654782_83cd",3025.92,"2026-04-12T16:17:34.782Z",21,0.85,0.6,1,0.80523519077021,"blocked",1,315427.44,103,3062.40233009709,75,1,"cmnvwntpn0046wcfg1jb1kexr",1,"Mumbai",19.076,72.8777,2,78.7786821509344
"2026-04-12 08:07:29.289000+00:00","demo_1775981249289_629f",335.03,"2026-04-12T08:07:29.289Z",13,0.05,0.05,1,0.0459407734757109,"approved",0,46515.39,33,1409.55727272727,11,5,"cmnvwntpo0048wcfg8n5uuuyz",1,"Chennai",13.0827,80.2707,1,10.2807569374049
"2026-04-11 20:49:49.870000+00:00","demo_1775940589870_95ff",1274.84,"2026-04-11T20:49:49.870Z",2,0.85,0.9,1,0.800114888177679,"blocked",1,47216.13,15,3147.742,9,2,"cmnvwntpn0046wcfg1jb1kexr",1,"Delhi",28.6139,77.209,3,55.9956347708007
"2026-04-12 05:38:58.202000+00:00","demo_1775972338202_2715",4140.56,"2026-04-12T05:38:58.202Z",11,0.85,0.6,1,0.923696210035401,"blocked",1,133018.63,43,3093.45651162791,29,1,"cmnvwntpn0046wcfg1jb1kexr",1,"Mumbai",19.076,72.8777,2,72.3795114255441
"2026-04-11 20:22:55.708000+00:00","demo_1775938975708_badc",2532.06,"2026-04-11T20:22:55.708Z",1,0.1,0.9,1,0.847235981780154,"blocked",1,11110.61,6,1851.76833333333,3,2,"cmnvwnucr004cwcfg90ndenvj",1,"Chennai",13.0827,80.2707,3,42.2268113948696
"2026-04-11 22:24:28.746000+00:00","demo_1775946268746_05cf",4706.84,"2026-04-11T22:24:28.746Z",3,0.05,0.9,1,0.923542143373377,"blocked",1,31034.82,8,3879.3525,8,1,"cmnvwntpo0048wcfg8n5uuuyz",1,"Bengaluru",12.9716,77.5946,3,55.5175840549551
"2026-04-11 21:08:48.283000+00:00","demo_1775941728283_5941",4910.9,"2026-04-11T21:08:48.283Z",2,0.1,0.9,1,0.875819331935225,"blocked",1,17518.68,8,2189.835,5,1,"cmnvwnucr004cwcfg90ndenvj",1,"Mumbai",19.076,72.8777,3,57.0255339666902
"2026-04-12 06:53:49.839000+00:00","demo_1775976829839_d599",4781.32,"2026-04-12T06:53:49.839Z",12,0.85,0.6,1,0.921535164716125,"blocked",1,150816.57,49,3077.88918367347,35,3,"cmnvwntpn0046wcfg1jb1kexr",1,"Chennai",13.0827,80.2707,2,77.521430833022
"2026-04-12 14:46:26.360000+00:00","demo_1776005186360_7b04",4628.58,"2026-04-12T14:46:26.360Z",20,0.85,0.6,1,0.828326856521793,"blocked",1,301226.17,98,3073.73642857143,71,2,"cmnvwntpn0046wcfg1jb1kexr",1,"Bengaluru",12.9716,77.5946,2,87.4170990389591
"2026-04-12 01:02:51.084000+00:00","demo_1775955771084_4a30",2721.16,"2026-04-12T01:02:51.084Z",6,0.85,0.6,1,0.862315074442141,"blocked",1,97351.37,33,2950.04151515151,23,2,"cmnvwntpn0046wcfg1jb1kexr",1,"Delhi",28.6139,77.209,2,61.2594999002934
"2026-04-11 23:36:00.816000+00:00","demo_1775950560816_fda7",1209.36,"2026-04-11T23:36:00.816Z",5,0.85,0.6,1,0.844477677908439,"blocked",1,78341.79,26,3013.14576923077,17,2,"cmnvwntpn0046wcfg1jb1kexr",1,"Chennai",13.0827,80.2707,3,50.7804579341076
"2026-04-11 21:11:46.863000+00:00","demo_1775941906863_a20e",3315.56,"2026-04-11T21:11:46.863Z",2,0.1,0.9,1,0.881652217338952,"blocked",1,22658.34,10,2265.834,7,3,"cmnvwnucr004cwcfg90ndenvj",1,"Bengaluru",12.9716,77.5946,3,47.7795971009879
"2026-04-12 09:46:13.702000+00:00","demo_1775987173702_a54b",1163.59,"2026-04-12T09:46:13.702Z",15,0.05,0.05,1,0.802740018077458,"blocked",1,49515.03,36,1375.4175,13,1,"cmnvwntpo0048wcfg8n5uuuyz",1,"Delhi",28.6139,77.209,1,15.4904200471588
"2026-04-12 07:52:31.302000+00:00","demo_1775980351302_665c",2512.82,"2026-04-12T07:52:31.302Z",13,0.85,0.6,1,0.839579987320447,"blocked",1,173945.93,55,3162.65327272727,40,1,"cmnvwntpn0046wcfg1jb1kexr",1,"Bengaluru",12.9716,77.5946,2,65.5118561162967
"2026-04-12 09:12:06.518000+00:00","demo_1775985126518_09ec",4198.63,"2026-04-12T09:12:06.518Z",14,0.85,0.6,1,0.824504616391672,"blocked",1,196158.7,63,3113.63015873016,47,1,"cmnvwntpn0046wcfg1jb1kexr",1,"Hyderabad",17.385,78.4867,2,77.2700510551475
"2026-04-11 22:08:24.572000+00:00","demo_1775945304572_baf7",2745.12,"2026-04-11T22:08:24.572Z",3,0.05,0.9,1,0.815748478728251,"blocked",1,26327.98,7,3761.14,7,2,"cmnvwntpo0048wcfg8n5uuuyz",1,"Delhi",28.6139,77.209,3,43.355294297152
"2026-04-12 14:11:42.811000+00:00","demo_1776003102811_80bd",4908.97,"2026-04-12T14:11:42.811Z",19,0.85,0.6,1,0.891187676629248,"blocked",1,288583.86,94,3070.04106382979,67,1,"cmnvwntpn0046wcfg1jb1kexr",1,"Hyderabad",17.385,78.4867,2,88.197949234855
"2026-04-11 19:34:46.769000+00:00","demo_1775936086769_e96a",4330.89,"2026-04-11T19:34:46.769Z",1,0.85,0.9,1,0.872406620552177,"blocked",1,25803.98,8,3225.4975,4,1,"cmnvwntpn0046wcfg1jb1kexr",1,"Hyderabad",17.385,78.4867,3,72.8754721044499
"2026-04-12 12:24:14.679000+00:00","demo_1775996654679_bc1c",1141.41,"2026-04-12T12:24:14.679Z",17,0.85,0.6,1,0.898416023222527,"blocked",1,257057.39,84,3060.20702380952,59,2,"cmnvwntpn0046wcfg1jb1kexr",1,"Mumbai",19.076,72.8777,2,63.2227225737155
"2026-04-11 21:11:46.863000+00:00","demo_1775941906863_a20e",3315.56,"2026-04-11T21:11:46.863Z",2,0.1,0.9,1,0.881652217338952,"blocked",1,22658.34,10,2265.834,7,3,"cmnvwnucr004cwcfg90ndenvj",1,"Bengaluru",12.9716,77.5946,3,47.7795971009879
"2026-04-12 00:54:39.216000+00:00","demo_1775955279216_7fe5",3430.26,"2026-04-12T00:54:39.216Z",6,0.85,0.6,1,0.874600353458227,"blocked",1,94630.21,32,2957.1940625,22,3,"cmnvwntpn0046wcfg1jb1kexr",1,"Chennai",13.0827,80.2707,2,65.3377508023522
"2026-04-11 20:22:55.708000+00:00","demo_1775938975708_badc",2532.06,"2026-04-11T20:22:55.708Z",1,0.1,0.9,1,0.847235981780154,"blocked",1,11110.61,6,1851.76833333333,3,2,"cmnvwnucr004cwcfg90ndenvj",1,"Chennai",13.0827,80.2707,3,42.2268113948696
"2026-04-12 13:54:19.942000+00:00","demo_1776002059942_3f5c",1534.91,"2026-04-12T13:54:19.942Z",19,0.85,0.6,1,0.811638479701368,"blocked",1,281721.8,92,3062.19347826087,65,2,"cmnvwntpn0046wcfg1jb1kexr",1,"Mumbai",19.076,72.8777,2,67.3681222606692
"2026-04-11 23:51:51.811000+00:00","demo_1775951511811_7340",3064.65,"2026-04-11T23:51:51.811Z",5,0.85,0.6,1,0.92537035238885,"blocked",1,82866.23,28,2959.50821428571,19,1,"cmnvwntpn0046wcfg1jb1kexr",1,"Chennai",13.0827,80.2707,3,62.2881488565822
"2026-04-12 17:13:36.479000+00:00","demo_1776014016479_031a",3823.19,"2026-04-12T17:13:36.479Z",22,0.85,0.6,1,0.93593042527947,"blocked",1,338444.7,109,3104.99724770642,79,1,"cmnvwntpn0046wcfg1jb1kexr",1,"Mumbai",19.076,72.8777,2,85.2392615323737
"2026-04-12 09:24:46.775000+00:00","demo_1775985886775_0f83",1095.14,"2026-04-12T09:24:46.775Z",14,0.85,0.6,1,0.840239385245074,"blocked",1,204147.24,66,3093.14,49,3,"cmnvwntpn0046wcfg1jb1kexr",1,"Mumbai",19.076,72.8777,2,59.1389599211673
"2026-04-11 21:22:46.835000+00:00","demo_1775942566835_aafb",3123.34,"2026-04-11T21:22:46.835Z",2,0.05,0.9,1,0.926409558070306,"blocked",1,15219.5,4,3804.875,4,1,"cmnvwntpo0048wcfg8n5uuuyz",1,"Delhi",28.6139,77.209,3,44.836093023796
"2026-04-12 13:27:18.797000+00:00","demo_1776000438797_5511",3746.54,"2026-04-12T13:27:18.797Z",18,0.85,0.6,1,0.87138940281601,"blocked",1,276485.44,89,3106.57797752809,63,1,"cmnvwntpn0046wcfg1jb1kexr",1,"Hyderabad",17.385,78.4867,2,80.321649824254
"2026-04-12 16:57:28.060000+00:00","demo_1776013048060_e5c5",2121.26,"2026-04-12T16:57:28.060Z",22,0.85,0.6,1,0.829927617217543,"blocked",1,329633.27,107,3080.68476635514,78,1,"cmnvwntpn0046wcfg1jb1kexr",1,"Hyderabad",17.385,78.4867,2,74.3476257977242
"2026-04-11 20:22:55.708000+00:00","demo_1775938975708_badc",2532.06,"2026-04-11T20:22:55.708Z",1,0.1,0.9,1,0.847235981780154,"blocked",1,11110.61,6,1851.76833333333,3,2,"cmnvwnucr004cwcfg90ndenvj",1,"Chennai",13.0827,80.2707,3,42.2268113948696
"2026-04-11 21:09:27.183000+00:00","demo_1775941767183_00a4",1824.1,"2026-04-11T21:09:27.183Z",2,0.1,0.9,1,0.909761740578967,"blocked",1,19342.78,9,2149.19777777778,6,2,"cmnvwnucr004cwcfg90ndenvj",1,"Delhi",28.6139,77.209,3,38.5517399833627
"2026-04-12 13:54:19.942000+00:00","demo_1776002059942_3f5c",1534.91,"2026-04-12T13:54:19.942Z",19,0.85,0.6,1,0.811638479701368,"blocked",1,281721.8,92,3062.19347826087,65,2,"cmnvwntpn0046wcfg1jb1kexr",1,"Mumbai",19.076,72.8777,2,67.3681222606692
"2026-04-12 11:57:35.862000+00:00","demo_1775995055862_5fb0",2662.6,"2026-04-12T11:57:35.862Z",17,0.85,0.6,1,0.808045638219364,"blocked",1,248279.19,81,3065.17518518519,58,1,"cmnvwntpn0046wcfg1jb1kexr",1,"Delhi",28.6139,77.209,2,71.7600824441607
"2026-04-11 23:36:00.816000+00:00","demo_1775950560816_fda7",1209.36,"2026-04-11T23:36:00.816Z",5,0.85,0.6,1,0.844477677908439,"blocked",1,78341.79,26,3013.14576923077,17,2,"cmnvwntpn0046wcfg1jb1kexr",1,"Chennai",13.0827,80.2707,3,50.7804579341076
"2026-04-12 01:02:51.084000+00:00","demo_1775955771084_4a30",2721.16,"2026-04-12T01:02:51.084Z",6,0.85,0.6,1,0.862315074442141,"blocked",1,97351.37,33,2950.04151515151,23,2,"cmnvwntpn0046wcfg1jb1kexr",1,"Delhi",28.6139,77.209,2,61.2594999002934
"2026-04-12 12:24:14.679000+00:00","demo_1775996654679_bc1c",1141.41,"2026-04-12T12:24:14.679Z",17,0.85,0.6,1,0.898416023222527,"blocked",1,257057.39,84,3060.20702380952,59,2,"cmnvwntpn0046wcfg1jb1kexr",1,"Mumbai",19.076,72.8777,2,63.2227225737155
"2026-04-12 13:11:59.781000+00:00","demo_1775999519781_940a",4340,"2026-04-12T13:11:59.781Z",18,0.85,0.6,1,0.838996985964517,"blocked",1,272738.9,88,3099.30568181818,62,1,"cmnvwntpn0046wcfg1jb1kexr",1,"Mumbai",19.076,72.8777,2,83.6291702807253
"2026-04-12 06:50:17.078000+00:00","demo_1775976617078_6746",2730.14,"2026-04-12T06:50:17.078Z",12,0.85,0.6,1,0.94801672476613,"blocked",1,146035.25,48,3042.40104166667,34,2,"cmnvwntpn0046wcfg1jb1kexr",1,"Mumbai",19.076,72.8777,2,64.8145857228073
"2026-04-12 07:32:56.635000+00:00","demo_1775979176635_9997",2799.19,"2026-04-12T07:32:56.635Z",13,0.05,0.05,1,0.913567670659915,"blocked",1,45071.86,28,1609.70928571429,11,1,"cmnvwntpo0048wcfg8n5uuuyz",1,"Delhi",28.6139,77.209,1,25.0291007682901
"2026-04-11 22:29:37.038000+00:00","demo_1775946577038_edd6",3963.43,"2026-04-11T22:29:37.038Z",3,0.85,0.9,1,0.914645019552161,"blocked",1,66308.41,22,3014.01863636364,13,3,"cmnvwntpn0046wcfg1jb1kexr",1,"Chennai",13.0827,80.2707,3,73.5734518228727
"2026-04-12 07:32:56.635000+00:00","demo_1775979176635_9997",2799.19,"2026-04-12T07:32:56.635Z",13,0.05,0.05,1,0.913567670659915,"blocked",1,45071.86,28,1609.70928571429,11,1,"cmnvwntpo0048wcfg8n5uuuyz",1,"Delhi",28.6139,77.209,1,25.0291007682901
"2026-04-12 11:57:35.862000+00:00","demo_1775995055862_5fb0",2662.6,"2026-04-12T11:57:35.862Z",17,0.85,0.6,1,0.808045638219364,"blocked",1,248279.19,81,3065.17518518519,58,1,"cmnvwntpn0046wcfg1jb1kexr",1,"Delhi",28.6139,77.209,2,71.7600824441607
"2026-04-11 21:18:02.713000+00:00","demo_1775942282713_03a1",4576.04,"2026-04-11T21:18:02.713Z",2,0.1,0.9,1,0.912703978671085,"blocked",1,27234.38,11,2475.85272727273,8,4,"cmnvwnucr004cwcfg90ndenvj",1,"Delhi",28.6139,77.209,3,55.7059197918623
"2026-04-12 08:50:29.068000+00:00","demo_1775983829068_75ef",2106.5,"2026-04-12T08:50:29.068Z",14,0.85,0.6,1,0.860139442882943,"blocked",1,191960.07,62,3096.13016129032,46,3,"cmnvwntpn0046wcfg1jb1kexr",1,"Delhi",28.6139,77.209,2,64.358291819139
"2026-04-12 04:17:43.102000+00:00","demo_1775967463102_8f17",4960.52,"2026-04-12T04:17:43.102Z",9,0.85,0.6,1,0.919910006597515,"blocked",1,126749.66,41,3091.45512195122,28,1,"cmnvwntpn0046wcfg1jb1kexr",1,"Chennai",13.0827,80.2707,2,76.8708146526993
"2026-04-12 16:57:28.060000+00:00","demo_1776013048060_e5c5",2121.26,"2026-04-12T16:57:28.060Z",22,0.85,0.6,1,0.829927617217543,"blocked",1,329633.27,107,3080.68476635514,78,1,"cmnvwntpn0046wcfg1jb1kexr",1,"Hyderabad",17.385,78.4867,2,74.3476257977242
"2026-04-12 09:25:24.316000+00:00","demo_1775985924316_e276",4494.38,"2026-04-12T09:25:24.316Z",14,0.85,0.6,1,0.945679462858244,"blocked",1,208641.62,67,3114.05402985075,50,4,"cmnvwntpn0046wcfg1jb1kexr",1,"Delhi",28.6139,77.209,2,79.9502886020026
"2026-04-12 12:54:14.429000+00:00","demo_1775998454429_f7f3",4441.22,"2026-04-12T12:54:14.429Z",18,0.85,0.6,1,0.887161366606956,"blocked",1,268398.9,87,3085.04482758621,61,1,"cmnvwntpn0046wcfg1jb1kexr",1,"Hyderabad",17.385,78.4867,2,83.9271516871121
"2026-04-12 06:53:49.839000+00:00","demo_1775976829839_d599",4781.32,"2026-04-12T06:53:49.839Z",12,0.85,0.6,1,0.921535164716125,"blocked",1,150816.57,49,3077.88918367347,35,3,"cmnvwntpn0046wcfg1jb1kexr",1,"Chennai",13.0827,80.2707,2,77.521430833022
"2026-04-11 20:00:09.744000+00:00","demo_1775937609744_7d43",3674.74,"2026-04-11T20:00:09.744Z",1,0.85,0.9,1,0.829575770168563,"blocked",1,38425.11,11,3493.19181818182,6,1,"cmnvwntpn0046wcfg1jb1kexr",1,"Bengaluru",12.9716,77.5946,3,69.8282928276143
"2026-04-11 20:49:49.870000+00:00","demo_1775940589870_95ff",1274.84,"2026-04-11T20:49:49.870Z",2,0.85,0.9,1,0.800114888177679,"blocked",1,47216.13,15,3147.742,9,2,"cmnvwntpn0046wcfg1jb1kexr",1,"Delhi",28.6139,77.209,3,55.9956347708007
"2026-04-11 20:47:38.040000+00:00","demo_1775940458040_d82e",2030.89,"2026-04-11T20:47:38.040Z",2,0.85,0.9,1,0.901852539607251,"blocked",1,45941.29,14,3281.52071428571,8,1,"cmnvwntpn0046wcfg1jb1kexr",1,"Chennai",13.0827,80.2707,3,60.4608738109416
"2026-04-12 06:44:08.867000+00:00","demo_1775976248867_d578",1564.53,"2026-04-12T06:44:08.867Z",12,0.85,0.6,1,0.928409731623453,"blocked",1,143305.11,47,3049.04489361702,33,1,"cmnvwntpn0046wcfg1jb1kexr",1,"Chennai",13.0827,80.2707,2,57.5928124662129
"2026-04-12 06:27:20.406000+00:00","demo_1775975240406_2397",3123.56,"2026-04-12T06:27:20.406Z",11,0.85,0.6,1,0.808978326807224,"blocked",1,139220.58,45,3093.79066666667,31,1,"cmnvwntpn0046wcfg1jb1kexr",1,"Mumbai",19.076,72.8777,2,66.6957758880608
"2026-04-11 20:20:01.534000+00:00","demo_1775938801534_db5c",3464.29,"2026-04-11T20:20:01.534Z",1,0.1,0.9,1,0.802989308901973,"blocked",1,8578.55,5,1715.71,2,1,"cmnvwnucr004cwcfg90ndenvj",1,"Chennai",13.0827,80.2707,3,47.663525044076
"2026-04-12 13:11:59.781000+00:00","demo_1775999519781_940a",4340,"2026-04-12T13:11:59.781Z",18,0.85,0.6,1,0.838996985964517,"blocked",1,272738.9,88,3099.30568181818,62,1,"cmnvwntpn0046wcfg1jb1kexr",1,"Mumbai",19.076,72.8777,2,83.6291702807253
"2026-04-11 23:36:09.725000+00:00","demo_1775950569725_85d0",1459.79,"2026-04-11T23:36:09.725Z",5,0.85,0.6,1,0.847231221900689,"blocked",1,79801.58,27,2955.61407407407,18,3,"cmnvwntpn0046wcfg1jb1kexr",1,"Delhi",28.6139,77.209,3,52.3948430903389
"2026-04-12 08:09:59.411000+00:00","demo_1775981399411_81ad",1504.72,"2026-04-12T08:09:59.411Z",13,0.05,0.05,1,0.904203488723823,"blocked",1,48020.11,34,1412.35617647059,12,3,"cmnvwntpo0048wcfg8n5uuuyz",1,"Mumbai",19.076,72.8777,1,17.4389988962122
"2026-04-11 23:31:27.924000+00:00","demo_1775950287924_703d",2036.88,"2026-04-11T23:31:27.924Z",5,0.85,0.6,1,0.932878904307552,"blocked",1,77132.43,25,3085.2972,16,1,"cmnvwntpn0046wcfg1jb1kexr",1,"Bengaluru",12.9716,77.5946,3,55.681174577829
"2026-04-11 23:17:44.171000+00:00","demo_1775949464171_9c18",4901.18,"2026-04-11T23:17:44.171Z",4,0.85,0.9,1,0.872263449635822,"blocked",1,75095.55,24,3128.98125,15,1,"cmnvwntpn0046wcfg1jb1kexr",1,"Hyderabad",17.385,78.4867,3,79.8574236428831
"2026-04-11 22:08:24.572000+00:00","demo_1775945304572_baf7",2745.12,"2026-04-11T22:08:24.572Z",3,0.05,0.9,1,0.815748478728251,"blocked",1,26327.98,7,3761.14,7,2,"cmnvwntpo0048wcfg8n5uuuyz",1,"Delhi",28.6139,77.209,3,43.355294297152
"2026-04-12 02:38:02.862000+00:00","demo_1775961482862_a310",4907.74,"2026-04-12T02:38:02.862Z",8,0.85,0.6,1,0.844197510204761,"blocked",1,120238.11,39,3083.02846153846,27,2,"cmnvwntpn0046wcfg1jb1kexr",1,"Delhi",28.6139,77.209,2,76.0844361244721
"2026-04-11 22:49:21.852000+00:00","demo_1775947761852_413a",3885.96,"2026-04-11T22:49:21.852Z",4,0.85,0.9,1,0.8484069661827,"blocked",1,70194.37,23,3051.92913043478,14,1,"cmnvwntpn0046wcfg1jb1kexr",1,"Delhi",28.6139,77.209,3,73.3859670378124
"2026-04-12 13:30:52.302000+00:00","demo_1776000652302_cfbf",2165.06,"2026-04-12T13:30:52.302Z",19,0.85,0.6,1,0.831702346524988,"blocked",1,278650.5,90,3096.11666666667,64,2,"cmnvwntpn0046wcfg1jb1kexr",1,"Mumbai",19.076,72.8777,2,70.9453410955788
"2026-04-12 10:10:07.143000+00:00","demo_1775988607143_9c16",3564.86,"2026-04-12T10:10:07.143Z",15,0.85,0.6,1,0.821415841243896,"blocked",1,225867.35,73,3094.07328767123,54,2,"cmnvwntpn0046wcfg1jb1kexr",1,"Delhi",28.6139,77.209,2,75.5865617898136
"2026-04-12 15:09:34.169000+00:00","demo_1776006574169_712b",2736.93,"2026-04-12T15:09:34.169Z",20,0.85,0.6,1,0.800261777962695,"blocked",1,308146.57,100,3081.4657,73,2,"cmnvwntpn0046wcfg1jb1kexr",1,"Chennai",13.0827,80.2707,2,76.5132793689598
"2026-04-12 06:44:08.867000+00:00","demo_1775976248867_d578",1564.53,"2026-04-12T06:44:08.867Z",12,0.85,0.6,1,0.928409731623453,"blocked",1,143305.11,47,3049.04489361702,33,1,"cmnvwntpn0046wcfg1jb1kexr",1,"Chennai",13.0827,80.2707,2,57.5928124662129
"2026-04-11 21:50:45.104000+00:00","demo_1775944245104_e1ed",3387.13,"2026-04-11T21:50:45.104Z",3,0.05,0.9,1,0.834342007531888,"blocked",1,18606.63,5,3721.326,5,1,"cmnvwntpo0048wcfg8n5uuuyz",1,"Hyderabad",17.385,78.4867,3,46.6696015749496
"2026-04-11 23:51:51.811000+00:00","demo_1775951511811_7340",3064.65,"2026-04-11T23:51:51.811Z",5,0.85,0.6,1,0.92537035238885,"blocked",1,82866.23,28,2959.50821428571,19,1,"cmnvwntpn0046wcfg1jb1kexr",1,"Chennai",13.0827,80.2707,3,62.2881488565822
"2026-04-12 11:57:35.862000+00:00","demo_1775995055862_5fb0",2662.6,"2026-04-12T11:57:35.862Z",17,0.85,0.6,1,0.808045638219364,"blocked",1,248279.19,81,3065.17518518519,58,1,"cmnvwntpn0046wcfg1jb1kexr",1,"Delhi",28.6139,77.209,2,71.7600824441607
"2026-04-11 21:11:46.863000+00:00","demo_1775941906863_a20e",3315.56,"2026-04-11T21:11:46.863Z",2,0.1,0.9,1,0.881652217338952,"blocked",1,22658.34,10,2265.834,7,3,"cmnvwnucr004cwcfg90ndenvj",1,"Bengaluru",12.9716,77.5946,3,47.7795971009879
"2026-04-12 09:25:35.167000+00:00","demo_1775985935167_8020",2425.98,"2026-04-12T09:25:35.167Z",14,0.85,0.6,1,0.750285639372977,"approved",0,211067.6,68,3103.93529411765,50,5,"cmnvwntpn0046wcfg1jb1kexr",1,"Delhi",28.6139,77.209,2,67.6579461616354
"2026-04-12 14:37:19.007000+00:00","demo_1776004639007_e79d",1804.11,"2026-04-12T14:37:19.007Z",20,0.85,0.6,1,0.866458111467784,"blocked",1,296597.59,97,3057.70711340206,70,2,"cmnvwntpn0046wcfg1jb1kexr",1,"Hyderabad",17.385,78.4867,2,70.0604122108673
"2026-04-12 09:42:58.310000+00:00","demo_1775986978310_aad9",3210.02,"2026-04-12T09:42:58.310Z",15,0.85,0.6,1,0.89409488044128,"blocked",1,220553.48,71,3106.38704225352,53,3,"cmnvwntpn0046wcfg1jb1kexr",1,"Chennai",13.0827,80.2707,2,73.0657145900028
"2026-04-12 13:54:19.942000+00:00","demo_1776002059942_3f5c",1534.91,"2026-04-12T13:54:19.942Z",19,0.85,0.6,1,0.811638479701368,"blocked",1,281721.8,92,3062.19347826087,65,2,"cmnvwntpn0046wcfg1jb1kexr",1,"Mumbai",19.076,72.8777,2,67.3681222606692
"2026-04-11 23:11:54.406000+00:00","demo_1775949114406_f611",3105.09,"2026-04-11T23:11:54.406Z",4,0.1,0.9,1,0.91580144729582,"blocked",1,32616.94,13,2508.99538461538,10,1,"cmnvwnucr004cwcfg90ndenvj",1,"Delhi",28.6139,77.209,3,47.2271821664163
"2026-04-12 13:55:13.224000+00:00","demo_1776002113224_4096",1953.09,"2026-04-12T13:55:13.224Z",19,0.85,0.6,1,0.814492151018334,"blocked",1,283674.89,93,3050.2676344086,66,3,"cmnvwntpn0046wcfg1jb1kexr",1,"Mumbai",19.076,72.8777,2,70.0290557643237
"2026-04-11 23:36:00.816000+00:00","demo_1775950560816_fda7",1209.36,"2026-04-11T23:36:00.816Z",5,0.85,0.6,1,0.844477677908439,"blocked",1,78341.79,26,3013.14576923077,17,2,"cmnvwntpn0046wcfg1jb1kexr",1,"Chennai",13.0827,80.2707,3,50.7804579341076
"2026-04-12 02:36:07.123000+00:00","demo_1775961367123_41a9",3728.22,"2026-04-12T02:36:07.123Z",8,0.85,0.6,1,0.83360475783399,"blocked",1,115330.37,38,3035.00973684211,26,1,"cmnvwntpn0046wcfg1jb1kexr",1,"Delhi",28.6139,77.209,2,68.6222277490608
"2026-04-12 14:35:52.598000+00:00","demo_1776004552598_b388",1764.96,"2026-04-12T14:35:52.598Z",20,0.85,0.6,1,0.817549716814734,"blocked",1,294793.48,96,3070.76541666667,69,1,"cmnvwntpn0046wcfg1jb1kexr",1,"Chennai",13.0827,80.2707,2,69.6947073211927
"2026-04-12 16:17:34.782000+00:00","demo_1776010654782_83cd",3025.92,"2026-04-12T16:17:34.782Z",21,0.85,0.6,1,0.80523519077021,"blocked",1,315427.44,103,3062.40233009709,75,1,"cmnvwntpn0046wcfg1jb1kexr",1,"Mumbai",19.076,72.8777,2,78.7786821509344
"2026-04-11 21:20:07.057000+00:00","demo_1775942407057_9402",1452.77,"2026-04-11T21:20:07.057Z",2,0.85,0.9,1,0.848911672445606,"blocked",1,53171.38,17,3127.72823529412,11,1,"cmnvwntpn0046wcfg1jb1kexr",1,"Hyderabad",17.385,78.4867,3,57.4963210971402
